LENDING_BUSINESS_ID,BUSINESS_ID,Ever15plus,Source
b88bad24-8711-444a-98e1-52047e87f6fc,fdbeb997-87d8-411e-a068-9a2297324910,0,GA
987da0d5-f838-45a9-8bb6-d19a64e8888c,215ca059-aac1-4c09-a6db-9e2a143ce7c5,0,GA
166d62fb-70ed-4214-8a75-1223dfbbd06e,252c9a3f-338f-43fc-893f-87e4c8184e8c,0,GA
8105f405-a33a-434e-9f0d-0c0fed3b0889,02d133cb-e8eb-449d-9b7d-d0501058bc61,0,GA
13fe3447-98d9-4996-92e5-fffa8e63429b,e98ced58-b53b-44c0-8cfa-2dd9b43f95be,0,GA
3e23a8aa-66da-4ce4-bdfa-a9c704400b91,8190b0b7-3d43-4fdb-9414-3a917c340ffe,1,GA
62a3a9a1-de43-4bf3-a630-52d28ccec939,68ceeaa8-2cbb-4ac7-b18f-a8d740d03193,0,GA
dbe7b0f7-0df4-49aa-ace4-d281291b05ff,ed0f4876-cc7f-498c-ac49-829b79d7b14e,1,GA
9ebbff04-5c87-4510-89a2-3d03bdb3d5df,6a0b4414-50b3-460d-9b3d-47af8a5bd97d,0,GA
775346a4-2023-456e-9c6c-8d5f690bbe25,4ba0e35a-bbb1-454f-aedd-f89925ea9115,0,GA
1fc43c61-6a35-42e5-9edf-f7ac6fb7167b,70f55da1-b701-4a06-8b99-223f3371d1a6,0,GA
7bd9c9e3-0ea5-47c2-b4dc-d18358a2ef11,2a252f05-9be1-4c75-b3b6-914c70350ac5,0,GA
8e470dd1-a1d9-4f72-b2b6-8c82b31dcad8,d783d024-97a1-4061-b65d-a4cb7b8d5531,0,GA
1cb3b0d4-fe84-4402-a819-4f08fdfafb33,4a07a0f8-4740-4b7c-89c6-846e844c8661,0,GA
2f3db145-b631-4447-99d7-e80ead6b0872,d6ba348c-b20a-41f8-b9a4-1f9327478e6a,0,GA
1888c110-974e-4fa0-8d85-6848857700de,847daccf-5011-44c9-a71b-83267581f92a,1,GA
6ae931a4-a673-42d2-b306-6536b10de7a8,818ce27a-7856-427a-8fd3-05f87fce17dd,0,GA
6b7c5e45-0f06-40de-8cfd-ea04f7e66b58,5746a8ae-3776-498b-a78b-fc46414466b0,0,GA
2ed6df75-71b9-4875-931c-f67712da8251,815ae078-6a34-498d-a454-38d377c33bce,0,GA
7ac02f49-7e44-4229-8c84-685ba016c7bf,5c605644-7f14-4716-8042-0b7226ba7716,0,GA
70c31dc9-d8c6-47cc-9ab1-a903224dca8d,480acd65-6031-45f9-a612-d18904ea9e79,0,GA
ccfbf4a8-11ca-4544-8242-4ce06a7093f5,2400fd92-dd7b-465a-8fbe-aaa458c783ff,0,GA
cb801d9c-5c30-411f-93e1-498844cac53e,337c1eeb-8e90-496a-ac20-17b28950a86e,0,GA
b8bb4861-9bf0-437f-b214-87eaf9014f55,62d94531-c035-49f4-9c4b-08ab8798e6e8,0,GA
9dad5aa1-eea3-4cff-bb97-079119180242,fd34c587-dcbd-4186-82cb-b85090e37401,0,GA
e646ad2d-4825-45a0-ae97-2d9a46b76825,0b83b90c-35eb-4910-8970-8ddc961c9fa6,0,GA
565addea-7471-4a4c-9e82-332715ee2676,e94f4423-84d9-41b9-b1e0-a119ea92d432,0,GA
65182109-3611-47f3-98fa-0a5fb5ad2559,7e913fb4-8ce3-4b30-981d-1ede40e94bac,0,GA
d48c68df-6eba-4ae8-9b3e-6ff49f2a2306,82fdfafa-f258-4e37-abb5-e6b7da99f52f,0,GA
59fffa47-526c-42f1-b678-cd6c017e8504,96dd9657-b5b3-450f-ad60-e086393e496f,0,GA
94ec0b5d-7878-47c1-80b0-6cad1c74bc8b,7af209cd-4c40-41c8-a284-77972ddfe998,0,GA
5772f598-7670-48ec-8498-e28c15144fd1,6285caff-d433-4f53-b0ee-43e5909fb278,0,GA
22ee0544-d593-4447-886a-38333347535a,7e7cc60a-9c38-4a36-b27c-8c03faec4ce8,0,GA
9bfc962e-b3d2-44eb-9cbf-a33772b9b48c,ed247847-4d04-4243-9a72-474ff9822674,0,GA
4c2ed657-c113-4317-a85b-51fbc2eded42,9162b9bf-d19c-434e-9096-16e81dfe54e1,0,GA
9a7d5e9f-288d-4494-bacc-694367acc75d,7f916751-5ea0-4648-bd74-112c38fd1d86,0,GA
6bb48ac8-d057-4b06-8788-5247373d1509,ebf5846b-1bdd-4618-967c-111ca7ea37b3,0,GA
b38ac262-75e9-48d7-9a3f-d588bd216876,15f11aa0-d78d-4e16-ba21-9af751a2a091,0,GA
6f2f83e3-d493-4fd1-ab68-cb51be2d2170,0631219b-a7e0-4e87-8bd8-63ca2148dbc9,0,GA
253c3445-5c3f-484b-b396-fb730bfa6d07,fa8ab93a-c6df-4750-9b0f-aa4addca0b40,0,GA
7c8744ef-704e-43fb-8fd8-33d466400971,b2b083c4-8e60-486e-9ef9-f6b297bdd538,0,GA
440f82f2-2c16-4905-9580-6ec1e5e6d29d,1ae5e987-6009-490e-98ff-c1fc3be4cbb6,0,GA
7ca6b913-d412-4a90-a2e3-2ac9bd0fdb3a,4208de4a-b6e3-49e1-a041-44913389e947,0,GA
3a4fe635-084d-49d6-b817-ea12fd44a41d,48cec87a-5355-4f0a-9fe7-8173d8a9b76c,0,GA
4bbe29b6-f631-4146-829c-880d71809e26,588127e8-c54e-42d0-955a-a22e64207a2f,0,GA
278b4485-52bf-40a4-93a6-c3eb0de3f533,47d9d9f7-81c8-4c88-aa17-46bfdc620b5d,0,GA
b9e5ac0a-1c86-420d-b3ba-2e376bd4fd06,c39272b6-b37f-4093-abba-9bcb71e7b9bb,0,GA
0953df4a-6877-4ce1-8de1-32080146ac87,7d19c5d3-cf88-4a54-b7b8-51cca271aadd,0,GA
29f19d14-f26b-4bb9-9921-31c1746c4bd2,c5c4fd32-d58e-41b7-9e38-3b209b3114c6,0,GA
ccab6362-3577-467d-bf35-b283209d54bd,b643f418-bbc0-43d4-b5d8-dd890f82fc6f,0,GA
2cac1b48-570a-41bd-818a-5264c3a54219,3e1a01ca-5f0b-473b-aaff-c1fd91c23498,0,GA
d77f15ac-e39f-49d6-90aa-dcc2865827b4,f71225dd-29ca-4c2c-9bdc-5cae5bfa805a,0,GA
3e762df9-d698-4b40-8099-b747035e463d,9d42d1cd-c025-4c1b-8f82-bca435b31952,0,GA
05214961-f105-45ed-97de-723cb6a3d36b,94ff488b-a6f9-492e-8e0c-5dfeed859bac,0,GA
57586ecf-ee91-404c-b562-ca6c0e8b58e8,c0c05166-4c30-4199-8721-354a4935ef84,1,GA
de48be80-a14f-45ec-b8e2-c6472d5ae500,dcb9e26b-020d-4bcf-a6a7-9d759eacbe39,0,GA
b06cad3f-72b8-4c13-ba1a-ace3962f922f,5a4fbe86-5086-414a-bcbe-0cf9867a6456,0,GA
5dd21653-f738-490b-ba0d-793e78e5de58,49b57188-4104-465e-a5e1-e42d5baf66ec,0,GA
5eb9a81b-caaf-463f-8160-b95681a106e0,3974aacd-1241-4994-946a-696d82116f91,0,GA
2df919a8-7c52-408d-aa2c-bf3914eae7fe,d8244046-ced4-4e56-89ce-6d17fe30ab4f,0,GA
785f82f1-fd24-4022-baff-5d97446028df,f1a54e53-a377-416c-ab66-fdf5fd61fa78,0,GA
b5e9b45a-67ad-402d-b7fc-8fa4d0f61110,3b3718e1-b707-4d46-9859-4a71e128f893,0,GA
f7b79638-cabf-455f-b717-72c2392f8300,30cbab06-f644-41e1-b004-4c27abefeb06,0,GA
dffbc9b9-a658-462f-864c-ce4cb8e96723,ec87edc1-9ecb-4159-9c12-eb93770e460c,0,GA
ba039bf5-d57b-4e33-bf6f-6b47314e721e,8a3ca4cd-323b-4c50-8075-087280c827b4,0,GA
22fd414f-1c54-4614-99e0-328b7941061d,6f2fcf55-d837-47e1-846a-98cf88aaba9b,0,GA
f6759501-9d5f-484f-84b6-826dca1267a5,ece8fd3d-14f8-46f2-80e7-5e53873292e2,0,GA
5a187d39-4585-4c92-8dec-2e6f162275bf,04e66c15-f31d-4a89-bffb-3a5967f32b88,0,GA
b24bc797-d2ba-4fc4-aae7-dc476ff8e8ff,b03b12af-1be8-4024-8386-72f9cd4f1e16,0,GA
384e8ccc-0821-4430-bc71-d9f79b801ceb,84973e60-98c7-44ab-a303-12971edc1c66,0,GA
35293bb4-53d3-4bbb-8a2e-5b8118165c91,c7069e30-700e-4aed-841a-a1ad72077847,0,GA
9c938021-9129-4ce4-bae7-3738072501ae,0355f7a9-68b2-4826-ae4e-bafb9a9c5aa7,0,GA
5b3a57e7-5ecb-480e-936b-ec86f9325595,ba676f36-5ba9-4675-aca9-5dbe99aa6c6c,0,GA
86ec735b-ceb6-4c1f-8c9d-bf8006d48987,126e562a-be80-477f-b16b-53f18eeff892,0,GA
8062fd4d-af64-4180-8b66-4a5df866605f,aa6dc68e-9052-4272-bb99-6eaeba5e1efc,0,GA
b04f0534-43bd-44d2-8365-8ff8c3b041b6,cab705b0-565f-42b5-9f01-9bd343ab450d,0,GA
7292e992-525e-49ce-ba84-2c315780b6aa,b5f1af5b-c678-4680-8189-a33d2b70c9e2,0,GA
cb323283-4385-47bb-8af1-1595678d64f9,32dbd3d6-3e88-4e5f-9628-7d726dd94323,0,GA
6da3e267-3afc-4e85-b5d9-4a54120f3d89,3eb89f81-5d9c-4875-8049-3b486bd010db,0,GA
872a9783-a270-436c-9e26-18e36f213a22,9ffa4e8b-51ab-4937-885f-a6515a0313a6,0,GA
c6b40431-40a4-4e13-8650-1bfd35850407,d580023f-3e16-48ba-9573-102b65a949f7,0,GA
fcdeae56-70eb-4ef9-bd3c-e45ca1a89219,21f3965d-e346-4631-b643-8d76ed402563,0,GA
80f35906-6643-49bf-9819-a75c915460b1,f319c3c2-2446-46ac-96c5-b122626bdbf7,0,GA
78ed5c9c-e7a2-44cb-a3ef-1c0556a12562,4ae4f0b2-76c0-496b-a5b7-8ffbec65ccb5,0,GA
e5ccf18f-5598-4880-8b05-8ff925f36faf,6459dfb4-a8b0-4aa4-a6e5-25675c1828f4,0,GA
379741df-1b15-4e70-bf3f-911ca17c44cd,bc300e83-a9bd-4ee4-aaa1-1f1d8cc59588,0,GA
350e39cc-af90-4b67-a44f-02bc7d5caafe,c131d2d2-3e62-4054-9cbd-0188c9d97cc0,0,GA
4d0649e5-df0b-4bb4-8920-c07a603d2988,123507f5-5b32-4b04-9eba-d93b2463785d,0,GA
b5886443-c8a2-4651-abd3-dd1e8a6f48c1,2e1e6455-fbfe-44ab-95e6-0d50e1421ab7,0,GA
5e1fd09d-d2f2-4d77-8245-c21f788b4055,0c2ddbc8-900e-4ee6-932c-61ea6d942c92,0,GA
588d7169-4d5c-4725-bc69-3e6d5e32d394,d9f1ffe7-f652-45ec-bdd6-5d530cf6a24a,0,GA
1c28802c-d7c3-490f-8c82-3b3fadb83f0c,2b26c3de-ea13-48a9-bd70-7ae995faa120,0,GA
5f9b6b53-8a52-4583-aa8b-a260b7a7f8d5,12c10b25-8ebf-4c93-ace5-9bbf113169d2,0,GA
aa60a31d-9350-4127-abe7-26739ea95971,b304a1d7-5b60-4c6a-af8a-02573dcc0d89,0,GA
d54e0e53-bafe-4209-af0f-e4e4c140458b,0d694ed0-cee6-4244-9608-90cfec36cc19,0,GA
a271c636-d3f8-454a-b9c3-08216be1cad3,24a3ab53-e4a8-4455-a836-594e599fa662,0,GA
a97237da-ec1d-47c5-a1d0-31a485f903aa,69b1a76e-be39-44f5-bcde-fb710b6f1556,1,GA
d9779b69-9619-4d12-8186-f3cb90b63ea1,3ea94d78-1fa6-4994-bd39-38cf9faea9ef,0,GA
d21d8439-8aab-475d-8d00-0b3a0a1fc74b,9c8463d6-75d5-42dc-bbda-132926576506,0,GA
8dbaf87d-7a06-43b8-81cc-03eb6de2beae,c65bdc3b-9bee-4a35-94cb-cb02f142578e,0,GA
f9d8b355-a2e7-4cfb-a612-3a4ebd617e26,3f106a62-d356-4ef3-b67d-bea277c786b0,0,GA
ef857e33-c538-49c7-9899-5446a5a7c770,7ac4b4e2-62ab-4d92-b224-b4cd9f94fa86,0,GA
4cfaa97e-4fb3-4cef-bb00-0199d496a991,22c81f85-b3c2-4107-88de-c092d7ed7dcb,1,GA
72ecebdc-4756-4dc2-a47b-46d5b0e9d79b,4e554a93-4d03-433a-849e-c8a373e17211,1,GA
8cf26f6c-7a8d-4951-aed6-7cf229ce1cbe,6c40cce7-434d-4f06-8823-dde976f76452,0,GA
181f649b-fab3-492e-9967-b97ed1c372e6,2a90aabe-0113-4624-a79d-ff5b0af8d584,0,GA
535f459a-efcc-4f78-93f9-d628775d1a40,1ef88cc1-9c53-4de5-94ce-4c498ed35139,0,GA
ebc13cb4-14b8-4d87-af8a-4e4678b7bd9a,24847a04-fdb1-411b-986a-67785732c800,0,GA
45049bbe-6d80-45f6-8a7d-ea74c945dd3b,5eea3e96-0413-4dbf-b234-e9b381296518,0,GA
a7a23976-6c1d-44b5-8743-987ddf88c13a,e05bd07e-1c16-4186-81fc-1d22d6e4d7f8,1,GA
51259253-e96a-4181-b542-403a32f094f0,c9fe6602-0870-48f2-b777-e766c64effbe,0,GA
2e0b55f2-f28c-490c-8ed5-d5ffdeddc5e5,a767d08b-86a8-4ad3-b750-db4150ab76b4,0,GA
119fa1dc-8178-40df-bb85-e6ff5fc4f6f5,2bdd10d9-1e7d-498d-8f36-b9bd430e1117,0,GA
01e38425-5486-4c95-b6b0-de5c57319255,a2317f88-325b-43ee-9423-6c711856555b,0,GA
bb1cfdb3-5f24-43cc-aa89-da871d3c4484,1a8d2300-a6e5-46d1-8df1-33a1c94a0a8a,0,GA
81d44e1c-5fc1-4ae2-80cb-0cf0a71987df,9d39eda4-053d-4344-abe1-28af62fd6e0c,0,GA
14fcfc66-6769-4bff-98c0-d76cc2cb69aa,8664a4ed-1a92-46b9-9bfa-6eb6fac56a36,0,GA
5c108645-0de4-4226-ae93-e53cbc2e7551,38eb8694-5970-4aac-af37-9c83d5a27521,0,GA
3c88dddb-e1c4-4cbe-8c41-f15e02df751d,89f5c3f5-4413-439e-8c6f-aad3de2c5e04,0,GA
5017b557-cc30-4dd3-acc0-2f38aabc6b20,391e1cbe-ba4a-4eb4-96b7-6dc19d1d8ed0,0,GA
a43ff605-273a-4325-8f22-a12723df5ccd,deeddd49-6255-4b3d-81a7-c5b91bad84e9,0,GA
57cf5bfa-0f00-4750-9187-b1a77a14ec81,04f7cad7-2b58-48e4-b227-efcf8f37382e,0,GA
3f3f40c1-71fd-4367-a287-bdfc8473c2ab,7ffa47ea-2095-417e-8dba-abf9cc6baf1a,1,GA
ad802137-54e2-47d3-a98d-6686cd6221c5,b00f6ef2-dd33-4119-a43d-5ac71dfae69b,0,GA
425661cb-4a36-46e1-a120-2df3ac3df10e,513a697f-7823-4210-8e8f-9e617b3df41a,0,GA
84a1f68d-4193-4f87-8048-828f62b2c45a,ae44b23b-f848-4907-bdd9-da65200dcb42,0,GA
f8c04dba-7f55-4f50-90c0-ee619f750e27,5bcb2bc1-f86e-425f-8c3f-f108d2382de8,0,GA
45cfb11a-b8a6-411c-a874-96bc8effaf16,17f1aad1-e248-4eea-ba72-af157c8c15e7,0,GA
15af3ba0-744b-457e-bbde-a6cd431646ca,3da2539f-5158-4ed5-aaec-14e35929ce61,0,GA
7d0df7bf-bbef-4356-a1c7-914f44052ac7,050b470d-9a51-4151-ba0b-6cf7f70a1cd7,0,GA
88f23447-3754-42af-98b1-2fcc3855cc99,e4accaa5-a9a0-420e-9cbe-19a1cba1cb16,0,GA
5a405e2c-b3ed-4d12-a44a-b1b81a4a51f4,b22d8338-b346-451a-adbf-d51093e78212,0,GA
7a3a1439-d4ce-4144-9124-0185198b9afd,184e16a3-02e5-4505-9981-1a423e70a150,0,GA
d7d877b7-7d22-49a1-97ba-c37ce7d34b09,7d061a34-c1f9-4a8e-b0a1-f903988d1116,0,GA
7a2f8b45-9a92-452f-863c-4cd75257700d,26c37a3c-d108-481e-82b0-915a58591865,1,GA
1582a9ed-e3b6-4243-8466-b0bc9c108949,e9d91315-c5dd-4daa-8c09-7e5635bb0075,0,GA
41ae18c6-81f4-4395-95f6-cf2a820f1953,e8bdcd0b-7f49-4fac-b60b-f672d6f5d784,0,GA
367d469b-1fbe-4bcd-8566-b60fbc4bd902,d86a6997-6d04-4b0c-914c-a0641bdbb6c0,0,GA
658537ad-1d20-4acf-86b9-de08343b6df8,e65e6e9d-78c0-4e70-9114-0bb5ff290f1f,0,GA
d5c00554-14a2-4854-92d0-ddce732195c8,76c74381-e1a5-42db-a8e3-10d670858e45,0,GA
48989eae-5001-404d-9100-f0576477f1a9,fb68cd4e-9506-4668-9381-d08bfea82317,0,GA
aed3cf90-7280-404b-93ec-2a3d10dab906,5ce049e6-73f0-4c05-ac4e-d7a0fb7b3506,0,GA
ba365014-6d25-413b-b5f7-e2a7012df303,ce4bcccd-7199-491f-93e3-c9eb001063ec,0,GA
0bb8d93e-0453-46c7-9c7f-ccaf9dad943e,db5cdb61-52e6-4d7a-aa92-c8d80742454b,0,GA
ceb0653a-4981-4a72-962d-f71adac3f809,98dd3072-f3ed-4b6c-8896-e1f516273027,0,GA
90360df2-74c8-404b-8dad-26f7e8607479,9ef309c7-df39-4aa5-b7fb-ab4d476c1eee,0,GA
8bb9a7cf-e397-4656-bd04-a6ccf2ebdb2f,168029b1-9d7b-4a49-943d-ac611d3a3768,0,GA
20e9d591-9253-462b-9a28-51d275f40d96,e4aa7664-5466-4b74-a1e3-90af2ddee5a2,0,GA
850c08c8-3091-4b30-a952-6867b712bb9c,491e521b-c21d-4a88-b87c-d6a5c997f388,0,GA
3ad4a336-fdaf-4dc1-bdf8-6b2b17ab547f,b83c3043-b4ca-4423-81bb-b74524ff4f84,0,GA
1968ca1f-d996-4bb9-ba4f-47606e498699,b012badb-c1aa-4bbc-98f2-e2238f7f1460,0,GA
9c8a0ee8-f476-42ee-9209-adead705dae2,3c473455-de7c-4b4f-af9d-6461a8bd9f60,0,GA
11f13b1c-eb3b-43bb-a308-273c3c6fe484,5945df9b-225a-44f4-8630-fa0fc88e713f,0,GA
cf50a9fd-da14-4760-b35a-a60a2f918b1f,829a6684-2f44-465b-a829-7c9de32d3b93,0,GA
4434d8b0-6d31-4d9d-9ff5-fa27a4609dbd,81aaf0cf-b642-438b-a388-93529129773c,0,GA
94ed7f8d-a7cf-404a-9fb1-7fbb20f18ff3,08a35e5a-8e36-45b6-b1d0-00dacbdf523c,0,GA
52677ce2-8b6e-406b-9330-48632d9ea86a,641ee7c4-f398-4b45-bd46-109af1593486,0,GA
44e6bb2b-7aae-425f-a734-d96ba6965368,d47fc09c-10ab-4276-9b66-3957876a854b,0,GA
fc8ad82a-ca72-4e91-b266-8771320a3cd8,45adf0be-a15c-44e4-9fa3-869cb68b48a1,0,GA
faf4f14c-3b82-4423-baf7-65f22e82000d,60a693b6-0dc9-4885-8e37-c229fe1ad1c1,0,GA
4f98037a-8307-4dcb-82f0-9411cdf5c5cf,7ba330cb-d648-491a-aa01-60492bfa2d02,0,GA
53860aa9-a644-418b-96ff-581678de4fb3,1e13884b-af74-4e26-b696-120836ae856e,0,GA
bace45ac-11d1-4fed-9d0d-fab26c871f8d,967b4287-9911-469b-aa4a-98fc80dba436,0,GA
0ce6fb49-fd77-4cbb-a7b1-ea941581c3f4,a99e8bf4-2ebc-498f-87d0-c0f7269bc57b,0,GA
1a5874a8-5ad9-4340-aa50-6f63a3dec957,59a345a5-ca8d-4998-81e2-ae85a74fba93,0,GA
51b167e8-53a9-4ae8-97c9-189302bd6eec,fb917bc0-6e41-4ce6-9b64-046edd3bf870,0,GA
8cec4b5a-32b7-4994-9c23-332512af15aa,066ed036-304f-45ed-ba52-cdf85e42d739,0,GA
bd1ed8c7-3ffe-4320-a853-8c031abd19b7,592b72c7-ebd2-49e0-828f-8d80b3585a1f,0,GA
e02db8e4-0a42-4972-b9b3-073e8754caa3,5dae092a-3541-49ee-8878-be9f8b6b7be8,0,GA
cab150d3-7c94-4a58-9871-4341f1b7276d,48897f91-1c4f-4d4c-8e97-8b463fae9510,0,GA
b375d29a-7471-4d2e-b1d1-2b417b1c726d,dc792ae8-8c62-435f-8c81-76e81cc294a9,0,GA
abfc987b-7d98-4c31-8391-62192576a05f,897299c6-024e-42d7-879e-61a89fa36468,0,GA
75ebb156-1ea0-49d0-a626-f089cd244b97,fbfede11-bf23-45e7-8d5f-5d593233dbd1,0,GA
fe03c76f-ffc3-44c3-bd0b-ed0dbe33b175,9d94c8a8-6f68-4893-b5df-b0d383d97960,0,GA
80edb7a1-86ea-487e-be3a-1b566995f249,8807f034-ebee-467e-a684-23639dffaff4,0,GA
f34b6d86-e4ba-4a0f-98d4-67bd84749197,94a23878-9f4b-4a41-ba16-e18884d43e9c,0,GA
af37d999-0912-48e1-b14e-4ecc4178eaf6,ede1e511-c9f5-4262-8055-91ce8885f24c,1,GA
317df849-344d-4897-9123-c03adcb6a908,a4c2b627-7073-4906-89dd-8fb4ddc59f84,0,GA
06653f8d-e0c3-49a4-80ac-85872e3cd212,ab75838d-b50b-4cc2-9331-12579d6b77f0,0,GA
6f8efe59-314f-451f-a4e7-2a0426de2d28,01faa048-17cc-43d5-8ae9-2d4825ca2016,0,GA
d01b1630-46cb-4b8e-9e62-0274fcc47ff7,edcb6258-3bf5-44eb-88f9-80f6c595cd85,0,GA
3ca6708a-7c69-44d5-a37a-2bb40504ad02,876485bd-21b2-4781-9c92-e8fe55bf32f4,1,GA
ad96b69e-335b-4325-9b5e-02cd195825c8,aa6156ad-fd55-4d5f-8d36-bdd004475950,0,GA
09cce409-b12e-4de6-9174-3c280682d9a7,8bbed911-f91e-47b0-8cea-12f5518f442e,0,GA
9ec03618-156c-40f0-9911-99b8c335ffc1,b2a1f23c-3cd8-41e8-a0f0-f1f1aedcf4a2,0,GA
82c7be39-a0ac-4545-9bc7-852bbe4c26b8,d8a02869-b886-471c-bee7-3e325853ce24,0,GA
5fe7c750-e5ae-4daa-a920-4fe652e57efd,0bceca78-7584-42b6-8b4c-8bac92bae521,0,GA
ac4cd455-5f01-4237-b728-0f1016eba48a,c44c715d-223c-4250-b829-85b8d27f5a28,0,GA
be164006-73b9-47de-aa4c-098dcbfbf86f,08e4230f-3d01-46b3-ab11-dd189fc536ea,1,GA
99beb06c-0dde-4e0a-9dd4-39b10974e9e6,f5140218-2526-4e16-931c-a9aac697cace,0,GA
c0c5c525-56b5-434f-a2fa-300bbaa13b4c,556ee685-3bb9-41bc-8ce2-d696a0395ddc,0,GA
653315fb-0e43-4b42-9922-5ffb6f5dbb4e,d0c2c2fc-4caa-4e4b-b7b1-43b13d699361,1,GA
479decec-5e50-453a-9f40-f0f580e88d9f,6ef93923-9ac3-4f56-993a-0dad9be138df,0,GA
2409a150-2271-4a7f-926d-a936de53b9a1,fa3b70cc-153d-4c64-b579-2715d1fb7416,0,GA
d0e6e7f5-a8b4-45ef-9f4e-90cda755919a,b21d2626-06e6-4b31-9ac2-d73950bb8baf,0,GA
68e29a10-1051-45ce-a8d6-4365d97fecf1,c6f4a6eb-553a-4fd2-b063-c9c0c510d54e,0,GA
b33afb10-8c94-4fc2-8843-44ad7a05ef28,32b8f9b3-6bdf-47ae-8e72-08d4de48fa64,0,GA
cfdd6207-0735-4443-982f-a53d89be3ade,ab38e253-a341-420e-ac02-1067786fc38d,1,GA
39ce6a36-f0e5-4d76-8465-24f0c633f38a,f7a46a2c-2750-4b0b-aefb-8c68db57ba74,0,GA
1a1cb3d6-cafe-4255-b30f-6c733eb20bec,05ea62f7-25cf-4ec7-a303-d9ed94673988,0,GA
341b3d92-de87-44e4-bc44-392414e797a7,20ac416b-493e-4113-acb2-c4ff3835a814,0,GA
abd3a37a-f79c-47ca-b55b-fbf713552d76,1f40bfa7-176b-43c2-a2af-898fe8fb7617,0,GA
e3f7469e-553f-4348-a4e5-6103b608bebf,db0a2d06-9964-429d-80b2-1cd53026d9ec,0,GA
01caa9fe-c836-4374-904d-9df50bddbd63,bde474d4-2641-473b-80dd-21eec36721a6,0,GA
075325c6-7cc8-44c8-8f5a-15dac5fc321e,84cef0dd-9f95-4715-b09b-0dde24f44429,0,GA
20b3d3db-96a8-47cb-9f87-a15220001975,27ee2e4c-e09a-48f5-b2fe-a5c1ffa52791,0,GA
271ccc59-3e0a-4654-968d-d60f5f86c1c9,e02b25c4-7cbd-452b-af70-5f560d0ad2ba,0,GA
189546ea-f958-42c9-86c3-79ed8d255d61,bbd345ad-3fe9-4a64-b95d-92cea89d1c87,0,GA
42558877-1b02-42f9-a4c2-1fe38e714ee1,0c976a0b-a034-461c-957d-f7a5f819caf8,0,GA
757e9f4f-7634-4129-af8a-a66dac2efcc7,3120fc6d-e3de-4932-90fe-d40b6f42e13b,0,GA
066ef2fc-8f33-4cd8-9e67-64239b9af705,1482ebd7-0309-4c42-9f0b-1e7493217f6e,0,GA
b2987b2d-740c-48e9-a78a-468630251786,3dbae035-753b-4353-91d8-0734d936f2ba,0,GA
3ed2bb95-e714-4f74-8a26-afb48e9efda1,b8b0de8e-ba00-480b-b9ae-51ff5ae7e36c,0,GA
a9b8b7f8-592f-4798-bd52-6fb586016e06,785638f6-0337-4882-a65b-87e146d19bec,0,GA
06f90e8d-0b28-4c16-9058-5ca4bc5fafaa,ce095c24-48d9-4955-8715-c4ab4407383f,0,GA
4fb75f83-2d6e-4d64-8409-42ac7f5c2c48,cd227fa7-55fb-42ee-8f30-293c8b777331,1,GA
27c0a046-fbf9-42f3-a5c4-4f684784eb75,7b928d20-0f35-4090-9085-fd6082dd225b,0,GA
55da3421-4af0-4a83-a085-d6fe98e6c9cd,4b2b68d7-0cb7-41ed-b7fd-4f40a6658bd5,0,GA
28548b41-89b0-452a-840c-7bb6f5b3fdc8,2378bec3-b0ba-4ddf-9d4a-a2bbf71cc835,0,GA
1dbc6db8-1bad-43e0-a067-775d05819ed0,be54c4a5-ed47-4be2-9bc6-3342bc8c5720,1,GA
39d1d7a3-2f67-40a4-93e8-91929168893e,8f4621ed-fa82-43ed-8dc5-b360465539e0,0,GA
5700f959-071f-4dc8-9229-e1cf774f3d96,cea0e813-3340-4e8c-8a5b-e59ec4292efb,0,GA
dae6eed6-9322-4be5-9d74-da9f767c868b,a6993059-910b-4c60-afa2-c582402bc009,0,GA
75e66af7-708c-4b6c-88b7-f75bc9c18791,8b8bde0d-b18e-490a-b3e9-b6f3a2307138,0,GA
669cb053-0516-48f6-b1e0-d576189d2c65,c3358c95-cc63-4431-9a7d-e2225dfa11da,0,GA
743b0da4-7036-4df6-86d1-385cad7b096a,973e6d75-84d5-4561-bed8-efc799daa09e,0,GA
e5b469db-020b-472c-985a-5455c8ed74f5,ef8006da-7d09-4471-b668-762fc8448220,0,GA
3d22f0f5-ccf5-4341-8b34-94a3dc0a81e5,d0e557e6-e5f0-4631-846e-182b7b2398ef,0,GA
47feadcb-fb59-4306-b9af-cb844d25673a,d3c1b0c1-cf33-4f6a-aa9a-574714cd041f,0,GA
4c8b11b6-39a9-4b5e-992f-fe76153fdc05,162aae63-415b-48c4-93e9-cba510f99cdb,0,GA
1c45220d-300c-42a8-97f1-d9243eb84942,5f3d6f77-b12b-4b81-abdf-ff83087fc170,0,GA
9959c3c6-c574-468a-992a-2ac2d8c4eac8,bd4e0af6-792c-494b-88c3-33f46c48c3ac,0,GA
02d9cff5-330a-4d49-9fb3-c72202a5824a,9d3a7a9d-6f6b-4ea2-a0e4-85dba357f9c5,0,GA
f6c0419a-ce32-4621-b1ee-cfeada83651b,1ddd6c4a-c3ee-40fc-b6c7-0dd4936363a3,0,GA
93371f40-63d7-4c34-ae57-1316230b8635,30ad5846-81ec-43be-ac77-a46169df22bb,0,GA
0ea67e28-c113-4b02-bb1c-ea4c706c2da3,3c6e64ff-127f-415d-b270-665868730b52,0,GA
b491ee5f-499d-413e-afb4-4c7c31d5a257,a96286bd-c836-41c3-b22c-9ba50985f497,1,GA
57a95032-9496-4467-8a8f-6137ffddc762,6ee06fa4-0720-41a4-853f-46eaf60c94e6,0,GA
d86af2ca-b960-4b38-a629-5b5b7b6505f3,3f059440-fa0d-401c-95bc-27992cfc4357,1,GA
79e16b81-432c-4a37-8fd2-1f0dd5bb7277,9bd3daf2-34b4-47c4-b449-bfac0a84972c,0,GA
34feb35d-b197-4237-bdee-b14e3eb04b3c,fe579c7b-f337-4b0c-8092-42779781f730,1,GA
4a6eebbe-2001-4c95-9f9a-1cf737828263,ca48733d-2470-45a7-9bd8-31bed3565654,0,GA
fec94535-487f-4647-a6ce-85102bb0acc5,4a235615-f1f4-4788-a108-eba6a8fb1a70,1,GA
535d9427-f74e-41b9-aeac-a28a82bfaf47,544ff99f-138c-4274-9f8c-a7632fd55256,0,GA
8f998acd-eca5-4f9f-8aa6-07523eaf584d,0f740a3f-ddf3-4ca4-ba65-f731baa33b38,0,GA
904079c3-6583-47a1-b932-d863d60c93f0,a6890d91-8ae3-4f44-a40c-f58d7214efe7,0,GA
7d7b5cf8-540d-4172-86a8-d10771fc74eb,21f6f08f-4918-4d80-92d1-31fcd73cd131,0,GA
c75e9eeb-9de8-4e35-95f7-53ce8c6a2619,1e299887-1d80-4a7a-9500-62329ea0cc17,0,GA
985f1bd0-8154-4dbd-b184-d8c269b9eb11,9147f588-01a3-407a-97fd-fb31dd7a6d5a,0,GA
f46b329c-ba66-431f-95ce-3f9cb6388936,ae56317d-38fb-417a-9c1e-3adaf3805d32,1,GA
72a849f4-2f19-4d4d-92c0-5cb7af2adcd1,99d6ced6-66d1-444b-a9ee-e15f5391ee20,0,GA
daf65aca-e412-422e-91c0-7135b33bebe1,4521ba4c-cbb0-4f3a-92aa-6572e5e64147,1,GA
23dba12a-8dac-498b-b31c-5334a9cac66a,73dc75a0-c978-4b82-8f00-1a5e094a3c2a,0,GA
ca5b0ac6-fb09-4e28-bd2a-8a64f6cbfc63,ab3b43a2-8e25-4d45-b9d0-22433dbd0651,1,GA
51c0544a-a220-4eb7-815d-ed1eec24b94b,f99c6109-61f5-479e-a213-e111e2522229,0,GA
b3978191-d4af-4e36-a0aa-d32258003730,9e02fa29-2c17-4289-b305-1c7553e4f0b1,0,GA
ce2b7d35-a624-458f-a24b-85127d763270,b67f5ba8-32fa-475e-95d4-0b5ae042b6bb,0,GA
2c0b8a2a-e4c4-4c11-ad19-e6440b960fc5,4b9c875d-cd48-4a44-818b-55d54db1d27d,1,GA
6a8f88c4-cdf1-4872-839c-5f2eae88d700,b780424d-9f97-4ee6-b4e9-413e1fa985e7,0,GA
45b2158e-9153-42d0-b774-773e9428f63d,ed1de45c-3556-4369-97a3-4228d9e799f6,0,GA
519b17ce-2e7f-4254-a35d-8e76bdc85799,064912a2-a028-4798-b4f6-e95b673f5a71,0,GA
66b72707-c762-4774-b186-e55488a28765,c94a25d3-b96b-4ed6-a47f-72eca5ef4b22,0,GA
f374cdd2-6f8e-4c0a-8b6f-49eaca465ab1,54a03ae5-f25e-4b52-97e6-261ef8ab0f8c,0,GA
77e21ca4-d7c6-4917-b6fd-b41abd92d9a5,c4b32a02-b8ca-40f4-ae52-3b8ba21f6931,0,GA
4fd94ecf-2b7b-4d03-9e3d-6ceb73a63c4d,cb4f5fb2-1028-472a-b519-d148cb05a099,0,GA
d616c512-d4b6-4483-90ac-b059543cb9c6,0bee0f84-e488-427c-85be-5214d538d8fe,0,GA
676a3631-32b4-4880-8265-f64028cbb0d3,c037cf47-e730-463b-af87-9c5f4746972b,0,GA
8f8d0e8b-88ed-4104-8e78-b3226f7f538a,f362e317-8a24-43ce-ad4d-63c81925fdfa,0,GA
65515094-4389-4345-b291-ce13c99f6025,3cef3f4a-7b80-4045-9def-e29381a92bc3,0,GA
eecd16bf-9c60-426d-b224-983767b4e842,8a5e33de-a51e-465c-a24f-24aa0547d029,1,GA
6694ee90-48bc-42df-a8f4-fe1765051db8,812e5910-703c-490d-bc58-da35d01a3aff,0,GA
c5884843-aed2-425c-a3ff-b9f88f0c0210,41171680-1118-40fd-aa53-b03b996bc520,0,GA
a82ada53-6feb-4999-bcb1-18c4d025fc96,3aece9b2-74d4-4ea6-b5ff-5dc797171dc3,0,GA
c88d777d-0204-4802-8b27-1181ea71211c,c5e2e205-0710-443f-be20-35aa28ae8a41,1,GA
565fc662-f034-4515-98dd-8700e408799b,604dd5cc-0a6a-41b4-9787-ab9ba614703c,1,GA
8cf725d3-4b36-4ed7-b735-f8d96c6f1218,daf99f4e-b142-40d9-9ea4-9799c3f07787,1,GA
abdb7a93-ee9e-41f9-aa7a-53460965fa94,78248dac-e130-4ac2-8d90-1c2e6b037395,0,GA
195a5fe0-f526-4ec4-919d-a324d1ddd5cd,5b8b899d-6d8a-4230-a718-ea603ec07ef1,1,GA
960164f0-b788-4610-af34-fd67df05ce27,5dc264c7-69a6-4dba-ab9a-9bc2c147141a,0,GA
c6c78e00-ec04-43e7-b9e8-322366c68334,afaebc7e-82c1-4f45-be5c-d737119a8be4,0,GA
80534a0e-bec1-42e6-a247-6b7f8806a80e,90009ab3-dc99-41c8-8315-19c066ca3c89,0,GA
cb95d40a-c902-4e46-9a78-218a0a56f1d6,2f578da0-3bcf-480d-bcff-e3ac33faaea8,0,GA
d9809006-eba4-4d49-adc6-e672d52bd1dc,e4dd6eb7-b692-4af3-bf75-93e7fc6554b2,0,GA
97bc477d-14ff-4325-985d-bf0b4d56affe,249c0ceb-3707-4ee9-9298-76f411a4a197,1,GA
3a41852f-7097-4fbc-b27e-242889d86bb5,78e60175-d0e4-49f9-bc4f-70893a33a9e5,0,GA
1c1bb5cc-0630-4db3-b2f9-cc662fc6d4aa,32d609f5-e6fb-4f23-918a-542009d8730d,1,GA
5befbeb8-0674-48f2-9051-ed5e1d4d7c25,5a196628-8053-4185-928f-77f63f15886f,0,GA
ad3fcab4-ad92-4eac-9476-241062d54677,07571fcb-ba17-4e0a-a927-b4a4e81aa5fe,0,GA
c9b039f5-2bc7-4dcd-869c-052ef759764b,24806415-70b5-430b-9778-ad16a9ff6bd4,0,GA
1da4ffeb-1a35-44cf-babd-b1142d1f1318,fea17ae8-da47-4054-92a0-64dff868a8da,0,GA
44cbe604-36e6-49d6-aaf4-4c5a30fa9f5c,b2c7a4ce-b83d-4e0f-b332-bcf264e9ea82,0,GA
5dd2ebc6-f382-4cc0-946b-66ef8757800b,f7906414-fb29-497c-afdc-b33a38939911,0,GA
2582f4c5-7d10-4ade-b6f7-59393ca4551f,930770b5-698c-4b98-90e9-99e1cc21e73f,0,GA
82a33f4a-edf1-4d90-b656-9940fa04d0be,175509dc-2b5d-4caa-ade2-70b0a984ee35,1,GA
512829ec-4bcd-4521-9783-78165f424cef,a19442b2-91e3-437c-b1f0-e3490e18c0eb,0,GA
0e02ca8a-c9af-4ec6-b057-e37fdea2d566,12fdedda-58d0-49fd-9581-b9fcaf2085a4,0,GA
4ea3d907-4df7-45c2-a44e-d271bd8a84ef,748ddb34-ca20-4616-8ed1-b0d7bed0387d,0,GA
5a22673a-e923-4274-88fa-e594becec925,59badb23-1d84-47e7-a6ea-f6e7b21b6cab,0,GA
0ab5bd85-b1a0-41e1-ba95-88bc2f45609a,926d3eb7-e28d-435d-b084-11a0f5aec822,1,GA
3e9d16fa-8a51-46b6-8122-69a62c3aaea7,42cda068-9eca-4939-8df5-637f21fb11b1,0,GA
480354c9-41d7-46cf-90a9-36d4cb6d3b12,75275ee1-80a0-4541-bd47-e4240fe5fd8d,0,GA
70f8fd2f-97bf-43e4-bcc6-ec169846a34a,8f190739-5620-48a2-8fee-d0cfeefc2320,0,GA
ef6e3716-657c-4633-88a9-5ad88bb9f315,b1ad8164-0359-43cc-a133-81ca7da7029f,1,GA
dc246759-4ef3-4838-8d8c-cb1d6e098841,76f200a8-06aa-49f9-94db-937fa76583f5,0,GA
7d78f9bf-da6e-4afe-8251-33ffd0b8bf35,12eb3925-bb6d-4b71-9251-5a4cc4182182,0,GA
b7bbc92c-79b5-43ee-9d9f-5883a5bb21b4,cf75d981-c682-4e92-b8a0-175ba4400895,0,GA
53bdde12-6824-42bf-8dc0-ce1fa217f988,4980f8df-5c28-4f53-84e8-d15006696635,1,GA
1597b6d0-8950-4e25-b380-150a47b5d807,82b70962-3ebc-4e38-bf13-53c3ebdaa5cf,1,GA
fad1dea5-dc35-4e0f-98ae-99e818c2fdd1,80014e1b-c648-4e55-b341-6e238ba1148f,0,GA
f9407ef0-ea30-4d50-9b07-c253f68096fc,4efda63e-ef93-4a19-861b-535942787282,0,GA
af4ffb09-e1e9-4f44-8ffc-e89df814a210,dda23845-c788-4cd3-8890-c058b11c4a46,0,GA
ae51fcd5-bdee-4213-9aff-ff8b25bdf417,8c2f5e7c-84b4-4ab5-8fdf-dd173129af40,0,GA
381fd71e-0b23-4c09-91f4-706cbb89bf3f,1d27c3dc-e737-4b97-88b5-0822514449d5,0,GA
2c0c0d5a-0578-4cc6-8b3b-76fc9bc4a2fa,c0fb9c57-2ae1-4919-a94a-601eff3cb809,0,GA
6e04d08f-b781-40b5-96ef-7f13a0171747,3e56775d-ec9c-4f90-9c89-7dc158b727bf,0,GA
0f0c62e5-eb34-4485-af8e-63489425694e,73bc02e9-9ec0-4910-9e75-e55a436758a7,0,GA
6fe216bb-5a0a-4ce9-8e3a-112c15bd6f01,49dd7a9d-54d9-4413-9a22-bd7223062b03,0,GA
286871c9-0934-476f-9d44-9249f1e426b9,7909d18a-aea1-4f31-9b0d-fae078d5d8ac,0,GA
a7de6324-b385-4f83-ab7f-3007780a5a76,2b36c93f-7962-43a0-9976-e6795fb5fd25,1,GA
19206943-0132-40f8-8f6b-ad8da7940571,f0bc5157-8bad-4abf-88d3-39357050ea01,0,GA
9c8f0311-2823-4523-99fc-de5f1f889866,35a3ce89-a765-440e-b117-ab329c21184b,0,GA
48e377ad-8569-4a4b-8f4f-cdad1d57fafc,325c2041-db27-4013-959e-962d852726f2,0,GA
06ea3bfd-12fd-4342-9d9c-45e7327c2588,8d2ced34-069d-4adf-998e-1a37c809a6af,0,GA
cc9a3219-f5c4-4b1b-aba1-9ce7058c9fa0,dc368410-eba5-477f-b0d2-2ffe8a2b1ee6,1,GA
4eab6fac-15ae-4441-94b2-fed3ce66ce30,5e933d31-0619-44e5-a403-a2652bb44638,0,GA
b2855e72-bf70-4298-9599-a121c873c981,1364363d-0eae-4321-91cd-6690f62b0a8e,1,GA
88bff92e-6c9c-4a34-b90d-d45cc8795024,1d33a47e-f784-48d5-b5d2-4febee80fbc2,0,GA
31b5e845-458b-4731-95c8-782c9a9359a3,875c95ff-3e00-4eec-aba5-12dddd8d0ba7,1,GA
bb31008e-79b4-4497-9e2e-a83fa50dd166,32bc6074-492f-42a1-92cf-659894079fa9,1,GA
230fdec9-65bb-4329-8328-c6abfcc9aa5c,0ea872e1-c477-42b6-a472-b1b124512520,0,GA
4f25ef87-4423-42ef-a81c-52b988775ea0,04390e72-e7d9-4d31-adad-2884f9b3da5c,0,GA
729ff5a3-4783-407a-8d40-1310e3623213,365f2865-2be8-4ba0-b002-004e90a7cadc,0,GA
32e71f8f-ff73-499f-ad6f-1a5f9cacce8b,5fff8114-a365-4b65-9162-8c7ed8cd652d,0,GA
8b430c41-7407-4a9f-ae0d-c04cb8e34af1,b5acccdc-3be0-422e-827b-0d11793cd05d,1,GA
6372d327-e877-4770-ab08-95462d2c80f0,5abb6b7c-0b68-4220-a715-9d76a9cca3de,0,GA
3f3b24b8-2be8-4c4a-ad93-a17d7169ada4,6c088658-8259-404b-a2f6-219d271d3aaa,0,GA
19793f3a-d9f4-4a33-9b99-6e622f70d0ff,4ecb4ff6-a140-4024-ad5b-78d657168221,0,GA
2463b31c-1c52-4acf-8274-768f984bd70f,18afc93d-df74-4305-a6c1-b24ad9b92052,1,GA
a30ca216-71ee-4822-b543-d9e09532ad99,8a67470b-ba91-498a-b0b0-522902a6f714,0,GA
fba55946-cb2d-4dfa-bbaf-55ee88581b0b,16b49c38-6c15-47a8-ae83-3e482ac799e5,0,GA
36fa5745-b506-4a1a-9028-33377455d1d4,e9857f97-9814-4268-9f46-fd430d0bd7eb,0,GA
d95c9a4d-0ff5-41c7-b92d-a5545baedce0,33b3cd23-d55b-4770-b64b-24fd52c58514,1,GA
14ef4e0a-96a9-484e-b56e-80543a6c33fd,5421385d-6ce2-4110-9de0-022cf40cdda5,1,GA
0c5ce019-a632-4ee8-9e4c-f08e70c6398f,bccfa5c0-6c15-498d-94ab-f516d43c90bc,0,GA
ee4f5cb8-951b-4053-a5bb-83736b65b312,185a6e4e-3584-4f2d-9671-549c631731fb,0,GA
1c7ddf0c-c6cc-4193-9e24-4c128fec8f26,76e59ea8-6155-4bad-b83e-681b1ee4000d,0,GA
cd81e279-ddf1-4452-860a-7cf093444f11,a4f15690-8691-4705-95da-36517e139eb9,0,GA
925ba94c-aae9-4eea-add3-84cdf757ac5c,838587f4-e5e6-4861-896d-876f74c07279,0,GA
2d7fb7a8-b09d-4fc9-b824-62b5e455f790,ead620ca-144a-4efe-87d3-8f07f419d769,0,GA
28cab210-fc90-4bc1-acc9-c94a80444032,1e113f86-c7e9-4ab6-b92b-d0f85267773f,0,GA
b03febd5-ad14-4f3f-92c7-5722f33665fb,ff342985-f91a-4b35-ac35-8967d1a8fb28,0,GA
337794ed-fd01-4df6-b6c9-3553f1a84aee,95bf72af-d94d-48aa-97da-0ae12b2b5cba,0,GA
03bdbb7f-ec69-4e6f-95c8-e50114794d82,621ddd2e-ab25-4ccf-8ed3-83141a5cb012,0,GA
c4f03bd8-cf2a-4b99-9182-f9ab55ba3f9e,b6398e52-5930-4d55-9b0c-d067e9d4ebba,0,GA
70a3e56e-c535-408b-b378-ab60566de7da,3a3e1c87-155b-437e-82a9-1d8d9a2b3297,0,GA
279b707b-ce9f-47a5-9314-1d9790d6fe7a,973e6d75-84d5-4561-bed8-efc799daa09e,0,GA
b4a9a813-ffe6-4ea4-97b2-4e80cf18cdd5,a29f50d5-e8be-4350-8608-eddb27b5a1e3,0,GA
af6f2a4f-d661-4b1d-991b-c73e59083fe6,45f26adb-eb1d-4403-ad96-68a78ec86646,1,GA
a897a729-5f27-43e3-83d4-9002f95b2cf5,f4d7772a-7edd-457f-8bef-98d9791f9fd8,1,GA
c17194d5-c3d8-4a83-9103-428ab2103ecf,1c8dc5fa-c1b6-44af-96f2-f13e553038a2,0,GA
8a9ea9ab-1a82-497e-9c92-fab990b63841,981c61a6-b260-471d-b28f-56258fae6895,0,GA
4c1aeb8d-5cf1-40b8-a8ce-64b2566c6309,d5e1db90-3d9e-405e-92b9-8f9ac410834f,0,GA
6776ef19-de1f-4177-baa7-b05a11c996a4,52937709-3eb2-4da5-b348-ddc04189ae80,0,GA
3d561519-1a9c-415d-bb39-30da5954a2ce,6123b27a-67b1-4a5f-8b5c-c4fb3a1104b7,0,GA
3f5c134a-4c23-4812-be0a-01b404c6c2a7,37d83556-6904-416e-bedd-6b6100d6694c,1,GA
90361232-38ef-49ab-b85f-6c06b20801f3,3435a44d-e715-4372-8613-923c64b72d06,0,GA
f95c6268-5d81-4eb2-8f9d-0187b999eeda,ffd8d9b8-4ebb-488b-9167-4d3ea2abe9a3,1,GA
e29b832a-d87b-4f0a-bff4-337fc2bfb330,7573b0b1-3f87-437e-ac03-58349b4267d6,0,GA
c870a8da-e9bf-4462-849e-98441590d13a,a8aac8dd-130b-4293-9112-0eeb899b9f8f,0,GA
2da6933c-f6bb-47d9-956a-6b8cca0e63d0,48e11507-3e35-4aa5-8913-fa2492d2e0e2,0,GA
3c8c8b6d-4019-43a4-bd09-12b292c6b8b4,a2ccbcde-0e5a-45d9-8719-49e5f73c6d32,1,GA
aeb2ff7d-231b-49a2-adbf-f5393a678dbf,e87e2993-8aa2-4000-b5c2-6bcd76bab3f1,0,GA
e834a05f-23d3-4bee-a9c1-37b9c17e705d,41b88bd2-2b15-4d3f-b180-6aeefa954163,0,GA
ca23cd44-06b6-4d3c-8324-89a3328a92f1,eb494c2a-bc26-430d-a433-9e6403d3f466,0,GA
005da9f7-5939-4d37-bac8-4956a2a9e419,80e64371-2542-42f3-b551-303a6043c20c,0,GA
488d0d0c-f0e9-47fd-8a16-f9b50938d04e,b125a281-736e-417e-b9ae-7d9d96c16bf9,0,GA
d6b3c154-d004-4a49-a00a-a9474fa2538f,8ab5917f-7c14-4f50-abaf-985c4615a743,1,GA
fdb2eb88-cfe0-431c-afc6-a6f07b2ffb2a,99ca371e-84af-49cf-aa49-6a2ec6388bb3,0,GA
fff4d5ef-51fb-4980-9779-6f152d590a7c,6018289d-88c6-4a0a-968f-86b3067f7b6a,1,GA
0d8e45d9-503b-4b6c-a3f6-b7bf1dcace36,695c0b1b-5f0c-46e7-8726-ad5d98b5ab5e,0,GA
777206d6-9264-4ff3-9244-149e2ea743ec,3364de89-7d67-425a-8a3b-e00374193291,0,GA
f1803d19-811b-431b-bc92-b8835b9c2edb,f37698c6-17c9-4338-9de0-9a183e105468,0,GA
b974ee8d-4322-464d-8476-d5d7b351a393,ddc3a22d-3205-4d6e-900a-201605bbfa9c,1,GA
274135b0-3cfd-4146-bfa0-9c51466efa21,22073241-2a6c-4644-9a82-b427e9e25e30,0,GA
10028d09-f320-4c1b-8dfd-9e0a1c036cb4,461fa54d-b61c-4b22-89b1-83598e3cc56b,0,GA
cabb7b0f-a5a0-4547-9f3a-f7576f22510c,c89a8645-24ed-4b6d-acd4-714972123832,0,GA
f52e2736-cd74-49e4-8b2c-7c079d56e7b5,8b54e56c-8075-47d0-9823-5c3e5cde8a1b,0,GA
486bb2f0-69a9-4bb2-ae8d-421eaf5b6487,1c72fceb-f328-46e3-acee-8b7d64dd6bae,0,GA
0681db20-eca9-47d3-84a4-c37adb542d27,2607470d-42e2-4c42-be9d-56f9b8869399,1,GA
5c53265f-e789-4256-b109-d6e541b9f776,198701df-8a5d-4c7a-a4bf-a42f67bd965f,1,GA
3acce1f1-043d-4fed-8f9e-c2b47443f368,0202e995-8239-4235-8099-bb0bee709bd6,0,GA
7ed86da6-5ea9-4bac-8597-7ec0db6534bd,0460f54d-29bb-4d98-8edf-29055af593ee,0,GA
9a3341e9-fef3-449c-8c92-b9ba12abe725,6efb1fa4-188c-4e18-8699-7cd27bc3fb8b,0,GA
bd690543-5e2c-4c46-92a8-9a4e842dd7d0,ae8de046-da16-4e35-a24e-a0ac3c38e8b1,1,GA
05d911f7-17e4-4ac1-8daf-b27197cc149c,53ce123f-2711-4857-9bb0-a3c97a82ab66,0,GA
976fd269-267c-4490-ade9-37c21502db6c,dbf36e55-8fef-4538-a4f0-e475c1ba8911,0,GA
15c88da1-bc70-4567-9bc2-2b3f1234eafa,572a1301-4e50-4d3f-b5d8-6f51667ee5e5,1,GA
5f150424-1428-43ca-9695-c54e9c22af73,14951e15-c645-4500-a046-3142e7e99ea7,0,GA
94b71323-60c7-4a45-ac30-b9508fbd15df,dcb4b3ae-41b7-439e-9155-c55a784b4e23,0,GA
06c46788-12e9-4492-b446-1fa946361be2,0f39d74e-404e-4a77-8497-a928d45914d6,0,GA
d76fd750-2ddd-413b-bda9-932d7efb0e91,bd6f8f8c-5df1-48dd-bc88-1b40b83ee3be,1,GA
2758bf5e-3609-43ef-a20a-2be80f7cc85d,81011275-9dcf-4bed-b99c-7e561d95c16f,0,GA
8490f8e7-f155-49f8-8c10-0d3f7435a000,e2a30927-6d9a-4782-b27e-648d3a479e80,0,GA
f6f90ad5-614b-40d9-af5e-f84ada385503,95cafa91-aa25-4f1d-8dd2-7f65ec338ad0,0,GA
5d1beff8-3cdb-4961-b60b-beddfb03f4df,3837b607-058b-4772-afc5-bcb26a48893e,1,GA
e7de78a9-7234-40c8-926f-9b69f9da1e8c,1feef942-56ae-473a-8e55-a9c6c64c2f05,0,GA
aec66984-35fe-4b5f-9bf5-e4e0e085331d,17c27eb2-19a3-471d-b1ee-7e6f9e87f163,0,GA
7a946b20-3e33-4f94-b4d3-03e132cf4f30,1623f78b-1b16-4032-946f-283bdcf6c182,1,GA
bcc78b02-177c-4e51-8d58-dca78d444ef5,d20ad488-2c33-49df-b9b0-2de297883f06,1,GA
12d2605b-ec27-4099-82c9-04cc6642bffa,ad6261fb-477f-4502-8d32-6509c31fed3d,1,GA
0c1e2532-3511-4434-bd30-8c408d5084ac,d25689d3-3c27-41e8-83b3-6002b6a54df5,0,GA
bcbfcfd7-fa40-4f98-91b2-f94dc5983cc2,0e8ccf7c-5f1e-4145-8626-b75e030c7620,0,GA
13f81642-6ecb-48df-9594-4a8f3d23b40f,cba5ee91-7db3-4997-bad4-f3adca75131e,0,GA
6a0f19b9-d7e8-4164-9e61-dd87662638eb,e9d20ca2-fc6d-4ec6-874b-d2f6bdbec9b1,1,GA
b97e37de-2bf3-44ba-9f07-0e9125e19288,554aca19-0e59-4667-b3b5-f7c2055ebd8e,0,GA
f75cf355-84a2-48cc-b553-3fffff1e5fa7,32316aeb-3981-47bf-8a85-4d9d22365119,0,GA
1b3d489b-b5d3-4c3b-b0f1-5512819a9925,fae1ecdf-9393-4b87-bd48-2614288f1df9,0,GA
43df34fa-654a-4493-b80c-d71ab8e24db9,f0ec807d-5816-4703-a113-adf8ef7a2976,1,GA
791c59f7-59e3-4b42-8f5d-99c42325cc83,49e66082-6d25-4ea4-80ad-d27e168abb1c,1,GA
e4b93eb7-2f71-4b13-be92-6b16c09daddb,a9ad8b89-1cb7-47b6-87b4-165e7b8b33d5,0,GA
c3902c4e-1ba8-4d37-9bd7-6e2e008c9318,c2e9572a-e64d-4fb6-90cc-fedb62d405dd,0,GA
b15aadba-febf-4ec1-9f93-0e4068ec30b8,ad83cb39-0e5c-4e2e-b4c8-320a98010b3c,1,GA
56eafd20-4fbf-40d7-af1d-c52f2dbb0a9e,8c8e92ed-37da-4365-ae1e-5fb60cc55a67,1,GA
5e4f3240-1fe6-48f3-abc5-35a509e46d8e,e5f0a757-771a-493e-9d7b-349ddcba2991,0,GA
9895a36b-9f35-40c8-b63f-ea5e1c8f9b77,3d7fc4e9-9f2c-44d4-8bf0-affc9d8149b4,1,GA
6fc7018f-d57f-4345-bb3f-40ce5d480338,946b3dfe-7563-4d58-87fc-576944a31dc0,1,GA
ad166894-1f1f-47b8-bb47-d67c88b5cc78,e075183a-76f2-4d58-abc7-2fd11a45bd84,1,GA
45d0e704-6097-4890-a09f-84a2111325db,6b55b2d9-23b9-408d-b367-09b900262800,0,GA
14f4296e-05f3-4a39-b5d6-befe733455b1,31227141-f2ea-46b9-a913-a4e7d481a886,1,GA
1ffadd15-e4e6-432b-aa55-c0cd44adbbc8,3f0a54a2-07d0-4a25-ab34-7f384cbdfee7,0,GA
4ad7f0de-27e5-401c-8789-1ed1d259fd39,a2fcaf6c-5b61-4862-af3b-cee25dccf2d6,0,GA
7e487c67-87bf-4d42-a3e7-4f7b08e89057,c0fb0192-f581-4b41-b02b-82273504b9c8,0,GA
d73caa7b-5d3c-4638-8b8d-83d7e8d96b07,d948b75d-7d6d-49ed-9bcf-7b4c9e909e61,0,GA
73216f61-5221-42dd-a309-d3d085f37991,0bca6ed7-dc5e-4b8b-8661-3ad5a6a71f17,1,GA
9dfca2bc-5890-4ca2-bcbc-33926e6a0e13,28b7c2d1-99aa-421f-ae6b-7bf9ec42a6e2,1,GA
45f41d50-c039-44d0-a150-8ba064243d74,7fd45fa8-2ad4-4665-b776-b79c22061353,0,GA
2012588d-a3d2-46c4-8507-46d7e7fd863a,0171a1ff-d47d-4029-b4b2-c1d2b579b857,0,GA
ca221788-e847-4bbd-b137-29a437903eda,ea74e63b-587c-409c-97c7-a1329a0041fa,0,GA
67a02401-0053-4880-b82a-97939589296e,df46b691-b5fc-4a81-a93b-75c48275059a,1,GA
9f466196-a270-4832-bf0a-290d79dbb448,d58f5d4b-6773-47ce-8424-7ebcdd180a6e,1,GA
efd9c5ea-1e87-4c17-bd04-20336031245c,0284d4c7-fc93-4491-bf93-fbacd0de6dc2,1,GA
98281ee1-78e0-4660-91af-952092b3211c,a848a226-51a3-4afb-a156-26513964b8e3,0,GA
6274f443-4d48-4632-b2b4-e58b89a0834a,bcc783a4-1a0c-4721-a442-e5178793ff1d,0,GA
c711e486-fa4e-46c3-9337-a41d0d453567,44ebabca-7481-4cf2-a111-4cb32df77916,0,GA
e00e0955-d0ac-4847-a33c-28dee3380f29,25736eec-c1db-496b-888a-ff20c6b37bf4,0,GA
f24792e6-fd97-4bf7-8f87-fd179b32d110,4a95d0ac-791c-4c26-ba04-27529cf78788,1,GA
29d698c4-1bce-4e6b-9985-bafb301f3039,7065b3a9-275b-41b0-9995-fd2316362355,1,FICO
4b8453b1-d1f7-4998-86e4-671c19f9d3e9,d8ed8251-9fa6-49c5-a784-0f39b1d985ac,0,FICO
02e4b2a8-31c3-4a59-8dfb-412358bc98f0,2cb64736-ecf7-48c6-a48c-1c151b6adc75,0,FICO
34cc1e33-14af-4386-b873-8a3e04fed01e,48c9488f-aec1-4c21-a8d9-fa561a0a7e36,0,FICO
f800d630-7eb5-42a1-8fa7-d2ccd60d9b9b,b67ba7dc-70c8-4b06-8bf1-0613edab88a0,0,FICO
d68eb423-21bc-4c23-a728-46cda76c9e8a,b026d81d-7891-4429-947c-257a7e500867,0,FICO
3c2f9778-f96e-4f60-9ea9-3882cc0c4b63,14502fe4-23df-4b28-aa81-6a8c6217a5f7,0,FICO
4f4b08c7-8171-41ef-a16c-14f40437d2a9,cd474be1-cd30-481d-8226-5b345ce8d0c9,1,FICO
9eed047b-b70b-48a3-8793-f2c31607d7cc,25525003-6afb-42a1-b597-8194ef16baae,0,FICO
1844c001-02de-4edc-a97b-403dcfa50a74,85cde2e5-01e6-46fb-ac65-445b60bc80ee,0,FICO
bb6e1ab7-2de1-45f1-bbde-a1971d7fba9f,e0122fb2-c348-4c18-8086-a8d356f23cd1,0,FICO
4becd706-1d6a-44fe-a059-a307942ff9de,751e86db-63d8-4719-b14f-c97cb8fd1e05,0,FICO
af26170f-b376-4eb7-9d6e-dd033dfa41f9,9ba52e96-91d9-41dd-a2fb-3b0f87ebd71d,0,FICO
b98baf86-a4e1-4f35-9984-b982d1fd2aed,6dcfd8e6-046f-452b-ba5f-74b5790b4f1f,0,FICO
e7af35e6-ba34-4adb-aa02-e68e9ef1561a,e56c77fa-5eb8-4d1e-bee9-35ab5515c481,0,FICO
df196e73-93d4-4164-b583-fe87df1028dd,b2b2a34e-7add-4180-b4a4-a19a36a8ca65,0,FICO
bdf6888d-5574-4bf7-b8d4-c8b36b780a9f,81aba035-c858-4f75-8e26-e798552ac224,0,FICO
0032b8f3-5f27-4c9a-82a6-9ccf6e25b915,641197e4-e139-49b1-8324-2f4a993bc689,0,FICO
ad6253c0-cefa-4e4c-976c-44d3c770cf1a,8ca2fe57-8d8e-4626-9c34-7d9fc8d1b3c2,0,FICO
55a9e3d9-3545-4e9d-a53f-9608075e5459,050c2f6b-6845-44d1-a106-3776ded32114,1,FICO
17a8ab35-58b5-4bf2-a3be-e66037e933c9,6a961ac9-389d-462d-b3fa-8dec8608588c,0,FICO
d7d433e3-d7d1-46d1-8ca6-fa0c9c88082f,082ee006-bb14-4255-850d-07d305b81f8b,0,FICO
74c7311a-f52c-4e21-afc7-62971e2c6b36,7b241b78-5edf-4659-bb8f-b9a2ebfb5744,1,FICO
d8652d8b-6f07-4398-87a9-6f7db11bd049,6d8c02ed-30ed-4cd3-8314-05b602555f6b,0,FICO
321d1f5c-29bd-48fd-bc46-745fc0ef7149,a69d4356-1f82-4919-b2eb-035e176c2b44,1,FICO
a0b3706a-f619-4cda-bbc1-35980f1d9bea,dcd346bf-e7a4-4451-8aef-3f3529954e38,0,FICO
dacd62ac-e4df-4568-b890-c363f0e6040d,f342ff9f-bddc-4377-a41d-f261fbe1e2b3,0,FICO
d7441db3-59f3-49fd-8fda-2fbcc5bdbc5f,b21d1126-37f0-42e7-939d-c6cd31be0aae,1,FICO
21b6fc2c-0a07-41da-85c1-9f2426583004,b2f5d5f7-859b-440b-b52d-ef7399d7e5c0,0,FICO
81a91de3-5855-4fe2-9801-06bdf8a40a67,e5145d47-17b7-4c4e-aa77-1e12e5b10456,0,FICO
db1dbc6a-abba-491b-9f24-a1a08078a173,134a2965-8580-4763-a2c4-eeb5d845d70e,0,FICO
625a271a-682d-4531-9ec9-3623ec939db0,a2925aca-4359-47d3-b5cb-de068266e345,0,FICO
fb60e2ec-4393-4da6-aef5-88c14d0ef9e8,bdca2a47-c66a-4404-bc20-a43694a60902,1,FICO
7471bbdd-32d2-4ab7-900c-32da4e758249,38549c1f-de1a-415c-b652-d89ae993ae4e,1,FICO
b035449a-057c-42ec-85dd-b701403c0cc9,2767bf7b-51ae-4f62-999f-96b405b518b8,0,FICO
4a8efc80-aa9c-453b-9a7d-07a54fc96777,f7652895-75f3-42a8-976d-626550e62af2,0,FICO
f9240ba4-4ea4-4f09-857c-91cd03e2c66b,b00a4089-0afb-442d-81ca-148f317725e5,0,FICO
05fcc635-69d1-4a42-9afd-780d3b4d85f3,b44ef03d-99fe-4e30-a35f-6e4995b4b7a7,1,FICO
06b877d9-095e-4941-a84a-138be64b3d58,1dc35dc2-5ea3-439c-8c3b-111f5683355a,0,FICO
ad73eed8-fdfa-4637-ac68-47e83fa730e5,4505c92c-53c8-4f2c-be2d-c09b36159093,0,FICO
8f883905-3325-4b88-b331-5e5f64f39a27,d86b2d33-ce2a-454a-ab79-b2c90d883c92,1,FICO
ea8e46a5-7a03-49a7-9440-dd8f0261d5c3,1e06fd58-48a4-4ee2-9efa-151aecfd7cab,1,FICO
773e6f5b-537f-44ab-823b-a1c0fdb37577,420e7bd5-886e-47c7-aa2a-2cf9784dff67,0,FICO
eddadfea-c611-4821-87d6-a1009e30ed25,4796f28d-ee8a-4b02-940e-059b70e3a087,1,FICO
3b343810-3a1f-4bf5-81bd-67793e7183c6,d3187a15-d938-4118-a194-082ef4efba23,0,FICO
38b4436b-cae4-4841-b49a-9ab3121a1b75,6de69ff5-f106-4a52-b58a-76c115a3362f,0,FICO
efea34a9-e274-4d8a-ab02-79d8e57104a1,a7a4760a-7bd0-4cb1-92f2-7bc819cbaa35,0,FICO
efacb647-bd7e-413c-8253-329fc2aa7316,c3eb1ebd-7ad6-4df2-a513-8000686a58c9,0,FICO
3e5c588f-98d5-47ca-94a1-7501a8f22d58,6d47a26a-8d3c-4cc1-b956-1e4d48c1a1b6,0,FICO
de90ae56-8b91-4c99-b382-71cef1d182bd,54f3d4e0-c133-4cbd-9d64-a7ca65279ccc,1,FICO
153cd1bf-d74b-4115-82a9-9eaf185ec366,61beada1-6d6a-4a30-beb2-e5fb7b13da13,0,FICO
cb88f616-1fca-4937-a067-ac4c9762a894,cc63ac78-ae15-4625-8dd1-b3d11c12d1a7,0,FICO
aa0675a7-7407-4ea5-82e2-24fcd255cebc,84a1235d-32f9-4688-b0f8-42241d03a930,0,FICO
cd8bba53-adb0-4919-b4b8-1261db227511,c35bbb99-8510-46f8-81b8-1fea849bc7de,1,FICO
9c742bba-934a-4154-a60c-4235ce80c234,6d964b9c-e2c5-4ab7-8e68-b73388605194,1,FICO
0702930c-eb47-48f3-a778-91243adfc475,e82e0bab-eb50-410e-9270-f99f8f1e5d85,1,FICO
b7d7dfc9-6448-4b21-9dee-3e2a57a9a595,616bce3d-0744-4dca-9211-8b9d0cceb609,0,FICO
ca21d4e2-6c47-49a9-8fec-7cd193671aab,787cfa38-5a90-4109-b5e8-10f421d644e0,1,FICO
c8d9c066-479c-4f1a-9abc-64160ce36a44,fb083302-7ef0-4f6f-b5e4-a6a013cba855,0,FICO
fd10d59b-7968-44d3-adda-fb530a56a3a5,a71d83de-a37f-4694-8ed1-aab30490c00c,1,FICO
2534722f-448d-4306-9b6d-59b4d50f676a,f73773fa-8268-4e6f-8a2a-9819e792f48f,0,FICO
276bd433-9def-4180-9227-ab4c8c5986b1,67961bfd-1d98-4047-a770-49a5230a1f95,0,FICO
feb6a20c-5232-4293-b809-9008a516f917,2993ca66-8214-421c-8f4b-86cbe416b9ea,0,FICO
60a0765d-c18c-45ef-a51c-df4a91ef9519,66df8d08-dc45-4668-9ac4-ae8522b769f4,0,FICO
38824552-ce00-4b47-857a-bcf6d624e9ed,ac24f52e-fcb6-42b6-a61b-64ff79042231,0,FICO
6a8cc63c-6a86-456f-9962-3c567904d09d,5ac55d4d-b8ad-4dff-98f4-8ba910752983,0,FICO
88c4b52c-d1df-45c0-afb4-871ad533ffb4,69faa900-2d2d-4111-92a3-edc7a8754c7f,0,FICO
e2370a81-4f1e-4943-b46c-1126e9db9ee4,51b8f9b5-3644-4e0c-aa38-a8cc8e5c7ee9,0,FICO
0cd7c61f-306b-435e-b874-54776a7d2a07,efa79df5-f6e7-4ea4-96d5-3078de489e08,0,FICO
5ac248cb-e963-4dea-b80a-a099cd771c97,516cd495-8a1b-4c1b-b5d5-21cde4afad59,0,FICO
8c970bb8-7603-46d6-ac05-d44435a1f3ad,18fc00d1-debc-4b3d-a6ef-1f32298741b2,0,FICO
050db610-015a-4944-82e7-2eb86ec72143,eaa39cd5-e83b-4c5b-bcf9-8df8ff0acdeb,1,FICO
aed9944c-78ac-4615-bfdd-54711f71fe5d,2c9baf27-2690-4d8a-b5da-85ab2c711a97,1,FICO
200fd719-8ef6-43fd-974a-3e10dcfd2792,2d20cd9d-e0c1-450d-b269-87cc3c1986ae,1,FICO
bcd074ee-561f-47d0-aaff-2617ea5d92d1,c3e382f8-e810-456f-8f05-d420d03916b5,1,FICO
c0b5877d-4701-4441-9a38-1a81408bdfdf,3da17a30-1deb-4ee7-ada8-7fdd5fa211b8,0,FICO
27665608-54c3-40ea-8129-1e67c3cb8be9,1bb564b1-3923-4223-a171-1a8c147c0149,1,FICO
5417dd8a-7422-477f-afcd-7c3ee2b5a676,c0c2f38c-9e1e-425f-9f0c-98f518b9774e,0,FICO
38abd147-b9d4-4eac-9794-617186e48cc4,625ba048-614e-4f8e-8fd0-183d2e83d963,0,FICO
5c4cad7e-45d3-4fcd-8f59-68af90a050f1,a091e427-18db-4864-85b2-a9a6bbf7f783,1,FICO
f4e90db1-532b-4d66-8e34-53bcb2d0a9f1,be4ecf63-d3a0-439f-9593-eb474524a281,0,FICO
a18bba76-c2bb-422a-beca-6d03162d1361,fbc71d33-a1f6-45a1-861f-a4e052200924,1,FICO
8dc9eb86-1272-41d9-b830-5071631fc65e,20e33a50-5c74-4bcd-99cf-b9473738b525,1,FICO
cfcaa477-d52b-4f40-b51b-2ee76f2667bb,d8cf9729-2842-4274-a661-20f00519e1fa,1,FICO
7c90d08c-929f-4607-a17b-0af8ed5e3ccc,a3a4e975-9bf3-49e2-9aae-31a62f617566,0,FICO
b1fa9794-bf93-4e9d-ab4e-4201fd409cc4,5df47238-97e8-4a85-bcbe-6a3a7bbabb0c,0,FICO
3aae6517-8a9e-4323-a0ea-904081d1d00c,438ac144-7076-417a-bbda-9107c89c70fe,0,FICO
c75c198a-aa43-4dc4-9617-57a37b744e6c,bbc1b2df-1ed6-4ad4-a935-cad58f7d762a,1,FICO
44336362-3abe-4167-8245-d21a9eb3a42d,3e3afc2c-0f79-4853-b9f3-81b966da1b74,1,FICO
5af3e701-e365-4fd0-9f39-6f38b2809529,24218e12-b378-4d17-8794-9437f78126c5,0,FICO
4348e8a5-37f3-4798-a379-7c32542bed1b,894488d7-0c34-45b4-8565-124d9647940d,1,FICO
347d24d5-37f4-4996-8110-d0223bd46fbc,587f74f7-8981-4bf9-a48a-8aa9a00e5213,1,FICO
a20282b3-5a3f-4aca-b707-277e93add42e,a48f0eba-b582-45d9-9878-718f29d19a28,0,FICO
2e4e5f97-537b-499d-923f-b57919a0cead,0c8171d6-7f1b-44cf-9ff9-b12429691dcb,0,FICO
9ec3a183-523b-4104-a37e-23d7ca79e01a,6970d9f2-08bf-41ef-9c16-f9b9529eac2a,0,FICO
c4b32ab7-2438-45e8-85bd-98714ab45283,b9e84ad5-71fa-4ca7-93e0-226a8ee2a2be,0,FICO
2fa22cb5-889f-4633-a846-c5f0b19dc157,bd156e3a-5774-48d0-acb8-39a100e67cc6,0,FICO
f1d8bfd6-e0d6-4948-976f-5ffc4c5d3322,9543783d-7120-475f-8b3e-eda4d5baa2f5,0,FICO
05a3f122-1190-400a-9fa5-10af96888554,3e66b875-fa81-4423-a382-08d7ee63eda2,1,FICO
c45e3ee7-8270-490e-936d-0dfc843cc445,0bea004a-8d45-4b3d-b6a1-a20c4830935d,1,FICO
acf9fcfb-0e4e-49e6-8933-7c13ffa139a8,41e1ece5-9e51-4318-b9e8-1eabb8d7af03,1,FICO
d8cdba53-2012-4ac4-b926-2e474ce99dba,65cc703d-1ed0-4cc5-bffd-4fa6b15d733a,0,FICO
b2d5121d-4130-4ed9-9580-065763b1a81e,94854f80-ad9a-4933-a4c0-b133885ba010,0,FICO
23e07299-69a4-4636-baa0-ea9148200a3c,c58770a9-7c90-4b3d-95e5-a7591fee1ec1,0,FICO
4f240802-b831-4726-a6e7-e119893216ed,8d363e6b-9b49-4204-91b8-0f36ae26ddfa,0,FICO
82bff2b1-edd3-4196-af6d-91cf3f326114,9a44756e-46a6-4307-9589-671aa2038eb0,1,FICO
76da5355-a92b-4d77-b4aa-3d065c45556e,f986051f-cfec-4f27-818a-423f4e91d5fe,0,FICO
f665de35-7a5a-451a-af44-ffd8526ea3ab,def2b3d7-8141-4710-bb21-b6bcabdfc5bd,1,FICO
17d3dc38-7bf9-4e64-9b65-87e17cd49362,b95eb639-22d3-4e4e-8100-bd1f96e9d2cc,0,FICO
3b6c840b-9925-4662-8d3d-4d9a863833fc,e578ff79-eb00-4660-9aa8-133dae74093c,0,FICO
d022bdf4-3392-49ca-beb5-6a5ddbe75986,4338d44c-b536-4736-8caa-fe4a3cfed293,0,FICO
1955ba7e-d732-4bd4-9bf4-b55c4398107b,33d844ec-b84e-40de-8d83-8dfb3788c0b1,1,FICO
ef1df9cf-8f9b-4526-876c-252c88a55a65,7f7b016a-cf50-48f9-9e67-736779fac52e,0,FICO
1849b039-31b2-4b01-9c78-58949588f47c,b3926acc-a181-4e1b-bd44-906670de672c,0,FICO
db0736b3-2327-44c8-8bb3-8f7becf0566d,6d0591df-4cbb-4a04-878d-298d348c3773,0,FICO
a6d88233-6999-4582-8c32-32a1277f4666,a0bd6e5f-9af2-4ac3-b2b8-2c7c06c93815,1,FICO
bebdbc74-f005-443b-8627-4aae5be9a3ca,bc921265-d931-4234-988a-f992c76d00a2,1,FICO
cbd58ccb-efb7-470e-862d-9b75b14521fe,fd476a42-b691-4b05-95c1-ceb14912cd82,0,FICO
9cad1531-7ec8-4f33-bbbd-1637a21a4b76,efb92a29-3629-4110-a90a-76e1edca96c0,0,FICO
8e217b82-c2f2-4707-af54-2bf9d0da333a,80b1b3c7-2168-4493-85cd-8f6cc2c6944a,0,FICO
77394002-02dd-483f-81d3-66cb1268163c,711bfafa-6c96-45eb-b390-430e5a08b5f8,0,FICO
43118b13-7a3b-4177-a077-f041c23384d1,35b254dd-8a92-4a80-b17f-7d85839f7f0d,0,FICO
22876487-ee4e-4ebb-85f4-fbdb5a4a5933,3c80add7-d82c-4bf3-acdb-0ae1706c2e5b,0,FICO
0a7979ef-951f-45fb-a1b9-7998e350863f,59781a47-f801-454e-b350-3cff366284de,0,FICO
e8612235-53fd-400a-bbba-623404803244,11ef864f-80b5-4eca-9d3b-3ba628f208fa,1,FICO
49ee5be1-7ea1-411a-ade4-4f7f28296b59,8767f20c-5a8e-4aa3-9952-a964c8b5575b,0,FICO
f3da1132-e72f-49fd-bc99-d92f514bb902,68c41211-5006-4061-84e4-6dc0927d6c50,0,FICO
a2746a4f-656a-479b-9322-64e677b97211,61b7fd80-77d6-4912-bffd-7abcadc783a7,0,FICO
759fdaec-78bd-427d-8dc3-3ab8587944be,ebf254bd-286e-48d5-bfa2-57c72a3b8113,0,FICO
c9e5800d-5dd2-4452-9e95-d3ad160da2f7,5166237a-752e-46d1-b21a-e848711ac4aa,1,FICO
bbf0b0cc-2d45-4fe8-b421-16e624596183,cd41adc5-d9d1-4a79-8915-dcef185a8e38,0,FICO
2cde824c-01df-4076-a128-d0404668f766,9b66659c-529c-4e91-8705-a61a7bddfd13,1,FICO
e9ac5f5b-85a3-4f87-856a-4c002c979b21,0bb17f7d-9ed2-4d3b-b579-b9d8c36f7549,0,FICO
04cfa890-7eb8-4601-9d2e-cd80fb1a94fc,c29a1e17-310b-445a-ae7a-b3b85f41df39,1,FICO
a3f250ed-510b-4951-a6f8-559e01c52b3a,49770532-8062-410a-9d0b-4f72fdeb60cd,0,FICO
cc3e99c0-3afd-4a22-93b3-52f4c6a32cc1,f17a0a0f-bb50-4621-be8d-6e5bf6498baa,0,FICO
0e6aa2fe-b8d4-4713-8b27-e9605455e810,5f92b234-e56e-4bd7-96e5-321d2c38a5fc,0,FICO
5ce6de96-b605-486b-96fc-3a7232a7bb4f,dad2647f-ebdb-44b2-8cee-9349b1b6d1a2,1,FICO
fd21b19d-2e54-4c9a-a093-b678ad458b32,97d4a91d-9bc2-4549-a891-997d325a23b2,0,FICO
2aaa88bd-db6f-444d-9c9f-61f790404bb0,bb94ae09-80ee-4d46-8ff4-f73be07ddd78,0,FICO
7877277a-0f03-4467-9718-3c80947114fb,ac463dad-cd91-4b8a-9b62-b32d377be773,0,FICO
b42fcc8d-1baf-4ab6-aca0-a07d8edc4dad,42bfe728-ac8c-48d3-b43e-95b10ce5d838,0,FICO
2bacbac3-e721-46e3-a9af-3c1ca2e85342,d46d618b-2b4c-4ca9-bb32-01ed23208553,1,FICO
563383ef-8477-404b-b268-26b288f5368c,b5a4f984-0c55-4e59-b9c7-d847b8d9a24c,0,FICO
de622fa4-c3bd-42d0-978c-d5ae3dcbf8d4,f83e6c6a-4777-4d60-a493-575935ec9d3b,1,FICO
424a3067-5405-4dfe-9fb0-3739680f199b,3de12dc5-92ab-485d-9ab4-69dbac784236,1,FICO
e1de6746-db22-42be-8dac-9cd68790261d,b1cf0c66-26cf-49a7-8a63-68e3a82ccc96,0,FICO
db0160fe-4c3e-4521-b2a1-6b5ff9e8ce1b,e5dd9345-5b4c-4dcb-8a6d-50742d091d11,0,FICO
eaa7d015-0df0-4bb0-afea-1a6879d3d429,7679b6d3-257c-4afe-b4aa-a064a38ec4b4,1,FICO
5e9fdb9d-c197-4e70-9176-6a429baf95f1,aebdc5dc-fb1b-499e-b097-1b587bf4fd2a,0,FICO
cd8f61e1-e058-4a52-9e96-c6a46e292756,43fa0ab5-b6a5-443d-8812-86f820ed76f6,0,FICO
5ff9379f-de2c-449c-a514-720f6c180e9a,19b50e11-78e7-4b35-84bd-91de6a747ab2,1,FICO
ef761995-39ba-47c1-9173-3c8343b307b0,b6d9773d-6b91-419a-8509-72bb1c5b9484,0,FICO
7cf84cb4-3779-4dbf-aeb2-8da09a8270c1,c1e1e6f7-dbaa-460b-bc77-19e9fa1deaec,0,FICO
d56006e0-7283-4d6d-a3eb-03988817ecbb,6333997d-73ee-4921-972c-4c3d639bef4e,1,FICO
71216fb8-3952-40bd-9707-63933033ddc1,e0cf4ac2-1c29-4532-980e-ba401a157b4b,1,FICO
8a978949-b68a-49b8-81fb-15d9ff8e1131,c1171314-f99d-40b6-bf9e-522c9d3fad5f,0,FICO
840a72fe-efa3-463e-b82d-2ebf7f511ed9,e2bd3b79-a9c4-4d08-bbeb-566635ae2851,0,FICO
4f4a6626-ad88-408c-bd14-3e3845c71f02,310c70a9-d5c9-4fd7-9971-292f8bc10837,0,FICO
5a9f8b9c-5ed7-424c-b701-302185acd8cc,65c7c1b8-55f6-453b-9e3b-f0ee403147d0,0,FICO
5f53f3b3-bf90-474b-a73c-cf8c5d00da92,ccadc40a-41ca-4b37-8c8d-2f225cb156cc,0,FICO
0a3bd288-7693-4a72-b009-1b22c8ce1342,87e1e625-5b14-4913-8b37-daa2ed1fdf4e,0,FICO
96604fc6-7ba3-407a-bd6d-b9cedbf8b476,e3ce2bc7-90e0-4d34-9731-6986eb1611ba,0,FICO
8536636a-f617-4cf4-9185-7655382ea552,43f3d785-0037-415d-aead-70124c7e5796,1,FICO
606790c0-23f2-4abf-9ae0-298fbb121b87,7b42dd26-b0c8-4e3e-b92a-a6631b491dcf,0,FICO
cb041195-7491-4966-aef5-7ab2f70c13bf,85e77ade-236d-46e8-9fd1-6c06d89e20fe,0,FICO
e77c0ccd-ad0a-494a-ac15-a238bd7e4e36,166c6dc7-1f9c-4278-acbe-9d64fc22e237,0,FICO
4cf488db-0114-4285-83c2-12ae38e92c60,e1de9d69-d15a-498b-84e2-f20bfcba9406,0,FICO
6887dd5b-c3bc-4aaf-a38c-4dd857fef7bc,d3758260-821b-46ad-9089-755acfbbf438,0,FICO
0ced7d3e-d015-4eea-8da9-143818fb9374,893e301b-aeb0-40e8-8600-cf39239b3032,1,FICO
e480cf1a-6e15-483e-b606-cb7ebba436d6,802dde92-c6e8-4c9e-b828-7346c156a216,0,FICO
a9a16adf-7840-4b90-831a-89b8f6bae6d8,aa3ef857-5a83-40a3-b95b-ce82731bd2c4,0,FICO
b88c8141-02a7-42b9-8da2-7593d31e6c52,f206e532-53ed-4388-a385-e57cc481b0ad,1,FICO
6378b1ba-7988-4925-893e-87600deb39e4,83703692-7738-4220-b489-60191fb5457a,0,FICO
3bd4febb-ac84-40cf-9840-a61308640deb,4d3d7fc5-db79-4d73-88d3-22735bb21c03,0,FICO
e05e38a0-6c7a-4c7c-8792-926ef83a12ba,6f06c9de-72be-4f4d-b9c2-29c100bce53f,1,FICO
fb728adc-b16d-41f5-9358-0d46e0dd03a5,4d6d762c-6dd0-4be8-9b5f-3aff2a14621d,0,FICO
81c1c6e4-3ef6-46c6-b90c-1e338057bb65,e48c2153-6bec-4711-92b6-04f1fcbf8b62,0,FICO
01838860-6749-451a-948b-3b8545b51bd3,ce8d85d7-87d1-4c35-bc88-bc71a2227711,0,FICO
79b6074d-21b7-48bc-b3eb-fb8c66b2d2af,3d487eb4-fc55-40ef-b71d-2453e30cdae1,1,FICO
cf26d091-a0f9-45c2-bffa-0259a1cf3934,9ab884c5-f71c-4f97-8355-332971fe0941,1,FICO
2e135ec1-ef51-4126-aa56-5988ca584c9f,873f2d0a-ad22-464b-99d4-b072e5342f09,1,FICO
068c082d-b220-41a2-b58f-330c1e873d3f,2be57b81-9b8e-48ce-9d50-d15f0bf20ffd,0,FICO
8f9dc190-82e4-455b-8bf5-a171ff52a188,728691da-cdc0-430d-bd41-c2e5067bdfe9,0,FICO
7da289ca-7de9-4141-9a48-977a7da64870,52aee8a8-5558-4770-a169-637d4fe0ea02,0,FICO
aef0e91b-abca-473e-b0f0-28b87efd5658,104a0ecc-906a-463e-96c9-aed765e1d0e9,0,FICO
0fca86a0-2b14-4e00-9774-fa1d7aa70042,37a07bf9-5582-4144-a553-7b94b9c7436d,1,FICO
a6c8d4d7-2e87-43b3-b7ea-066f2a1ff402,a9140fd6-1994-44c3-88c0-48aec993fc03,0,FICO
b6c44a9e-7eb7-4ced-a5ae-01b6b1c73e9d,b66d680b-b39c-4bc3-8847-4ae10928c14c,0,FICO
03c408eb-db42-44c8-a22f-21c6e70c04a2,4bfe32c2-ff11-4cef-8037-81396ff6a7a8,1,FICO
380ab3f8-48f2-44ce-86bc-634de7a740c1,17c8cdf0-ece5-4b89-9085-dea8b94b28eb,0,FICO
0af666c0-16e4-4047-a854-ae3c005f7114,da6d93a9-4826-4123-bd49-32b5b80fbc7f,1,FICO
c9e7e930-b06c-4cf4-b5e4-4ff04a6dd7b6,8f91a203-2c35-498f-a953-3f23516cd429,0,FICO
0120dbf5-bca5-45f3-83b9-238f89109849,ef9087a2-09cd-4517-a5ab-f0099b083a41,0,FICO
3b8d482e-ba1a-4e9b-ae9c-ce727eef0b73,895e5b45-1507-4675-816e-7bdfb76eb0b8,0,FICO
9d9a4e6d-8bbc-43f5-8d40-879ddca95b98,9fc52039-78b9-4803-898d-62eb6c255d21,0,FICO
a160b7c5-cd71-47f6-a6c2-daab589fe4c2,018b2b70-af2d-4f75-be6b-851f1f9d3a1c,1,FICO
83f7b55d-f196-4fec-835e-e64ae17d7d91,410bd7fd-a350-401a-8aba-39da239c5d95,0,FICO
9b6d7809-30dc-41a9-9535-8bdac85fe436,5fe6cffb-4b24-43bb-971b-f0ffa87df260,0,FICO
22e29182-7a67-4d6c-8c62-0254b1924532,5f7d6a35-7465-438d-b8b6-afcc7f14b179,0,FICO
3cbeeca7-ec9c-4bef-87a9-9be4da880051,15273c3a-1e73-4a2a-b7a1-b5bf1797c753,0,FICO
f09025a2-f9be-4cd9-bb4f-f4bab43c972d,a5300edb-ab1f-4a71-a12a-0adabfa297b3,0,FICO
d96c7ca7-2955-47c2-b9ce-45c176d72354,70eac0f5-d16a-4dbf-b20b-2c7eb031f2e3,0,FICO
c48928ea-759f-42f6-9b6e-5a38a32ad2ea,97656f70-5038-4f29-af8a-eb15450e9736,0,FICO
eeb208fd-54d3-4605-bdb9-d27c98389eef,4405add2-6bfb-4d98-9685-3bf4e565df4f,0,FICO
d32422b9-bd9f-4e0f-ba5d-2e5d18896b25,d4e4c8ab-a27d-4f27-b0b4-8e5074f2673e,1,FICO
f51ffc68-82f0-4bdf-94cd-01cbe4ee842e,2c6135b5-4c94-4214-a58f-6ff3f2da888e,1,FICO
bec3e867-b935-4fd0-865d-fded4c847294,805758c8-266e-4359-b41a-d347c55609d0,1,FICO
3718531a-675d-448f-8edc-b7c7818f7c21,995b96a7-4ec8-4fce-aed8-78e206091429,1,FICO
da03542c-09fc-4d58-832b-4d70be088fa8,bcedc21a-f5ac-479e-bb03-b79635d6d74e,1,FICO
81124c01-d3a2-410b-9773-2d58f2f0974c,a711243a-337d-4497-b13c-3193b322d7b6,1,FICO
52f2c87a-b723-482b-9a88-1949b1b65bf3,09b2ed60-0f0c-4df5-8238-2eecf4f38e0a,0,FICO
33e847d2-5580-4d01-bc2a-1eeb46a9c66b,48ee510d-78e4-409c-a768-1b29835fce52,1,FICO
65983e57-39e5-4086-b93e-0815209b645f,d6016eaf-33b8-4c82-a803-742507c40666,0,FICO
1f383a52-5eb9-4615-8857-ddeac71caefd,e7126a1f-efb7-4aa1-82ff-a3276a73b58e,0,FICO
7f0b4e78-a7d9-4529-9caa-fbb280f3dba2,c2232d0d-aa83-4025-a731-753e90986b60,0,FICO
58b57700-8257-469a-bc72-a5474dfcd244,395674a1-3d6b-4418-91cb-3aada39d47ca,0,FICO
23e63ed3-23c0-430d-b103-488009cfd748,8cea3762-8897-4d40-85d9-c675baf6df89,0,FICO
ab76b5b9-b83a-4af4-a349-fe3df5f9623c,3c770ec5-c2e8-484e-948b-d815035d48d0,0,FICO
2a54c671-2ac3-47a1-93da-54fa7c82aaac,3fd710a4-ad4c-4a52-97aa-78e5ba28f24c,0,FICO
59495dd5-4d03-4783-adf7-b4b4467e92a8,37c408e4-a57e-4d98-bd92-e346ae66f628,0,FICO
fbd47337-6b5d-4848-98af-f317a1cd8951,7c6258eb-bc25-4aac-a977-d37a286fcdbe,0,FICO
62163683-3fa7-4320-9eb3-37d868805905,117b9ea2-f503-44a1-a1d9-0e35c1564bfe,1,FICO
701261dd-1360-416a-b263-794e54114b34,30ece69e-075a-4d25-af94-e1e8c56ce6d9,1,FICO
43b0610d-87e5-4efd-a408-97438b2fdae7,74b618e4-b877-4c6f-bd51-15e570854f25,1,FICO
a6c0e21c-a2be-4bf0-b50f-ec32e7d1a8af,7c3e3779-5fc6-436e-882f-665620cf5592,0,FICO
1e542e3b-bdbc-42df-a8fe-cd55df93a204,53ae3540-d9b3-47d7-9aac-38bf50d0d6b7,0,FICO
ff88ab76-dc24-4530-aee6-0501a290dee4,d5ad76d9-1792-439d-9306-7eef8b7e3f75,1,FICO
68c7ff4d-a32c-47bd-8d71-2c1f09ba0dc5,2e61ff31-3969-4306-bf4d-b650085828d3,0,FICO
67b5d35f-c0a2-47a0-9876-6fa0972444f8,4ce95b23-ddf3-417b-8548-2cfeee0a0793,0,FICO
072b988e-6408-4d04-a311-8162e25c638d,41112f34-1abd-46d3-90dd-2c3afc53f81f,0,FICO
945dfaa0-a6d0-4980-b280-01ac9203cdc4,2fca36e6-b69b-4ab9-aa75-c2e51d8fb16a,1,FICO
9c89370c-8772-4725-bdfa-1ed398d12221,02fe0ef7-6ddd-4885-aada-e9851fc9f20e,0,FICO
4caf465a-e441-4d94-b9c4-1673ce2d1566,688824e3-a73a-425c-a68a-da5543737d53,0,FICO
605b4e3f-bf5b-411a-9c73-1e716c3fc369,191f7d6f-cb9c-400b-9559-d0e1a895a01e,0,FICO
aa7a355b-3b67-45d5-acc5-befa1195727b,4a989013-dcd7-49cd-814b-a505b30a327e,0,FICO
769350f6-a373-4dd0-b517-ee72cee9aef2,7103eb40-1490-4ad8-864d-6e8d9ad063b3,0,FICO
105769fe-fa7a-4f46-ae9d-2a080a936b6e,bdd68df8-2c24-4984-b092-673e253936a6,0,FICO
94e2b31e-5ce1-4a51-943e-74c004e60c88,8660d541-b1eb-49a1-b52f-cdbc4a202b9f,0,FICO
555c7972-9b0b-4f9a-9d78-294d63557de0,43e36174-1180-4a61-973e-e3c2470fa61e,1,FICO
ca09deaf-ad59-455b-8194-38057c50c503,bfd08446-6eec-4d0d-ba88-5a0d85a6aa70,1,FICO
b66812b1-de4a-4d99-ba66-e18c8eb4d52c,45c594d8-ff20-404e-9cb2-173e270c9723,0,FICO
5661ed21-d129-42a3-bde3-84eda7ff317c,b7123586-8cec-46d6-9112-60ed8d1871fa,1,FICO
e389ee5e-2d55-4ca5-9fc0-3ee9e874a3d1,0d165d67-f211-4acc-a4aa-c420c978afb0,0,FICO
bd4c0545-1659-4951-9a11-8b0287ba7614,bc51171f-32c7-4b1c-989e-ace142634a1f,0,FICO
4922f606-344e-4ed1-89b5-44c70a064c7e,bfddbe17-d185-4030-9ae8-5bc041f66ca4,0,FICO
6bbf09ba-0926-4507-9f8c-f21431cd688e,caca897a-d524-4c69-b147-17b3464d5b20,0,FICO
c898ccdf-76a9-4f4e-9b9f-419a260e0644,3d20a95c-d3f2-431d-943b-4955152d790c,1,FICO
fd98cae1-76c5-4f65-a79e-4483b940a469,f4c4ec4d-7066-429d-946c-7165cc336285,0,FICO
55d04b92-7adb-4938-a8ce-f4241d5c59c0,5248448f-dc61-4699-b87d-20c1203ed386,1,FICO
c0a951a2-ae16-48bf-bd3c-384575f3eb59,5a2a255c-08c2-4c8c-a7a1-b7efce96d83f,1,FICO
e86f106b-0e70-42bb-ae6b-8b9a49479167,e52e4e28-dd63-4a04-9259-f67102590124,0,FICO
116c1ad7-12f9-4cbd-ab15-67e5360fa45f,fe11ecb2-546b-4401-99f2-f83593233b7e,0,FICO
ffa46a2a-2854-498d-8126-21a06fd2e79d,c98e604c-932e-4e3d-b197-3ede9481ef3e,0,FICO
623f70d5-c571-4bb6-9e77-3d83d34a930c,781e6cab-9fc6-47ee-9811-69a726c4e52b,1,FICO
02bdaabd-8b9a-44ec-93df-4b3bda25edb2,139b5689-9fe2-41dc-ae67-58a0128bfe5c,1,FICO
45e6130a-d2c7-4f84-99e7-1b80a4fbc074,ba7b6b0c-e89f-4dce-bcb0-9de921ab5685,0,FICO
940aff62-09eb-4a3f-a44c-d3866195ab8e,1cfc30fc-c033-4504-b6c2-db097914078a,1,FICO
3bda7b2e-f520-44cc-8d7d-2c2569c5fd5a,f72a00b4-0aba-4610-9244-343d035b93fe,1,FICO
9c553ba4-bae1-473d-b96b-c48891f7c2fa,5d87bae1-0c0a-4342-ac77-caac1480a8d6,1,FICO
b57bf88b-95d0-4ae4-93d5-005c9b1e30b9,621cb536-a6d2-43ee-9204-b346551db061,0,FICO
64f44833-7876-40ac-bb60-9f01014177a8,a1d615e3-2875-47aa-b790-5a495cb47f1b,0,FICO
932cf414-6e1d-4007-aca5-86a23d069015,cfc486b4-22bb-48d4-bf0b-d253dda2935f,0,FICO
04755707-77c0-43e5-bc79-22335adf4fc7,405a094a-0fba-4583-8ad5-08b07dc06d4c,0,FICO